1429480847012,20033,60319,1474643,358240053594347,www.unige.ch,Http,"[340,274,625]",340.0,WIFI,,Hotel Quinta Esencia,[c8:b3:73:11:42:c4],0,[-79],-79.0,-1,-1,-1,-1
1429480907033,20079,50271,1098283,358240053594347,www.unige.ch,Http,"[287,632,286]",287.0,WIFI,,Hotel Quinta Esencia,[c8:b3:73:11:42:c4],0,"[-79,-75]",-77.0,-1,-1,-1,-1
1429480967048,20045,916,708,358240053594347,www.unige.ch,Http,"[303,308,354]",308.0,WIFI,,Hotel Quinta Esencia,[c8:b3:73:11:42:c4],0,[-78],-78.0,-1,-1,-1,-1
1429481027096,21049,1032,1019,358240053594347,www.unige.ch,Http,"[495,418,293]",418.0,WIFI,,Hotel Quinta Esencia,[c8:b3:73:11:42:c4],0,"[-78,-77,-78,-77]",-77.5,-1,-1,-1,-1
1429481094799,20086,1501,1187,358240053594347,www.unige.ch,Http,"[455,1021,498]",498.0,WIFI,,Hotel Quinta Esencia,[c8:b3:73:11:42:c4],0,[-77],-77.0,-1,-1,-1,-1
1429481155038,20080,864,656,358240053594347,www.unige.ch,Http,"[494,506,500]",500.0,WIFI,,Hotel Quinta Esencia,[c8:b3:73:11:42:c4],0,[-77],-77.0,-1,-1,-1,-1
1429481215825,20021,44704,3979,358240053594347,www.unige.ch,Http,"[531,224,221]",224.0,WIFI,,Hotel Quinta Esencia,[c8:b3:73:11:42:c4],0,[-77],-77.0,-1,-1,-1,-1
1429481275812,20125,45668,269497,358240053594347,www.unige.ch,Http,"[436,477,1097]",477.0,WIFI,,Hotel Quinta Esencia,[c8:b3:73:11:42:c4],0,[-83],-83.0,-1,-1,-1,-1
1429481338669,20082,18670,95930,358240053594347,www.unige.ch,Http,"[1200,250,229]",250.0,WIFI,,Hotel Quinta Esencia,[c8:b3:73:11:42:c4],0,"[-74,-83]",-78.5,-1,-1,-1,-1
1429481398855,20187,13596,13090,358240053594347,www.unige.ch,Http,"[313,270,364]",313.0,WIFI,,Hotel Quinta Esencia,[c8:b3:73:11:42:c4],0,"[-78,-80]",-79.0,-1,-1,-1,-1
1429481458864,0,0,0,358240053594347,no_ping,data_not_available,"[0,0,0]",0.0,,,,[],0,[0],0.0,,0,0,0
1429481522002,21065,93454,1048162,358240053594347,www.unige.ch,Http,"[224,213,206]",213.0,WIFI,,Hotel Quinta Esencia,[c8:b3:73:11:42:c4],0,"[-83,-77]",-80.0,-1,-1,-1,-1
1429481582544,20016,7627,5900,358240053594347,www.unige.ch,Http,"[881,743,850]",850.0,WIFI,,Hotel Quinta Esencia,[c8:b3:73:11:42:c4],0,"[-78,-77,-78,-74]",-77.5,-1,-1,-1,-1
1429481642694,20077,6792,4984,358240053594347,www.unige.ch,Http,"[215,331,231]",231.0,WIFI,,Hotel Quinta Esencia,[c8:b3:73:11:42:c4],0,"[-72,-78,-76,-83]",-77.0,-1,-1,-1,-1
1429481702789,20080,5721,4259,358240053594347,www.unige.ch,Http,"[325,339,250]",325.0,WIFI,,Hotel Quinta Esencia,[c8:b3:73:11:42:c4],0,"[-74,-78,-75,-78,-75]",-75.0,-1,-1,-1,-1
1429481762945,20032,108563,320767,358240053594347,www.unige.ch,Http,"[1298,234,258]",258.0,WIFI,,Hotel Quinta Esencia,[c8:b3:73:11:42:c4],0,"[-79,-77,-80]",-79.0,-1,-1,-1,-1
1429481823802,20124,4390,3369,358240053594347,www.unige.ch,Http,"[244,220,249]",244.0,WIFI,,Hotel Quinta Esencia,[c8:b3:73:11:42:c4],0,[-78],-78.0,-1,-1,-1,-1
1429481917792,20076,1756,1256,358240053594347,www.unige.ch,Http,"[913,1004,495]",913.0,WIFI,,Hotel Quinta Esencia,[c8:b3:73:11:42:c4],0,[-78],-78.0,-1,-1,-1,-1
1429481978799,20164,916,815,358240053594347,www.unige.ch,Http,"[513,844,797]",797.0,WIFI,,Hotel Quinta Esencia,[c8:b3:73:11:42:c4],0,[-78],-78.0,-1,-1,-1,-1
1429482038818,20032,53232,233574,358240053594347,www.unige.ch,Http,"[405,219,210]",219.0,WIFI,,Hotel Quinta Esencia,[c8:b3:73:11:42:c4],0,"[-66,-76,-81,-76]",-76.0,-1,-1,-1,-1
1429482098910,0,0,0,358240053594347,no_ping,data_not_available,"[0,0,0]",0.0,,,,[],0,[0],0.0,,0,0,0
1429482166822,20018,12676,45378,358240053594347,www.unige.ch,Http,"[215,575,216]",216.0,WIFI,,Hotel Quinta Esencia,[c8:b3:73:11:42:c4],0,[-76],-76.0,-1,-1,-1,-1
1429482226967,20093,47205,65880,358240053594347,www.unige.ch,Http,"[349,209,220]",220.0,WIFI,,Hotel Quinta Esencia,[c8:b3:73:11:42:c4],0,[-74],-74.0,-1,-1,-1,-1
1429482287044,20023,10521,17502,358240053594347,www.unige.ch,Http,"[233,221,225]",225.0,WIFI,,Hotel Quinta Esencia,[c8:b3:73:11:42:c4],0,"[-67,-79,-77,-78]",-77.5,-1,-1,-1,-1
1429482350639,20051,11392,14374,358240053594347,www.unige.ch,Http,"[682,323,233]",323.0,WIFI,,Hotel Quinta Esencia,[c8:b3:73:11:42:c4],0,[-82],-82.0,-1,-1,-1,-1
1429482410805,20082,2990,1721,358240053594347,www.unige.ch,Http,"[214,776,1037]",776.0,WIFI,,Hotel Quinta Esencia,[c8:b3:73:11:42:c4],0,[-82],-82.0,-1,-1,-1,-1
1429482470876,0,0,0,358240053594347,no_ping,data_not_available,"[0,0,0]",0.0,,,,[],0,[0],0.0,,0,0,0
1429482531820,20025,3760,3203,358240053594347,www.unige.ch,Http,"[243,232,221]",232.0,WIFI,,Hotel Quinta Esencia,[c8:b3:73:11:42:c4],0,"[-80,-90]",-85.0,-1,-1,-1,-1
1429482591842,20026,53025,346757,358240053594347,www.unige.ch,Http,"[1254,3244,406]",1254.0,WIFI,,Hotel Quinta Esencia,[c8:b3:73:11:42:c4],0,[-88],-88.0,-1,-1,-1,-1
1429482652673,21053,50964,117129,358240053594347,www.unige.ch,Http,"[780,549,1709]",780.0,WIFI,,Hotel Quinta Esencia,[c8:b3:73:11:42:c4],0,[-88],-88.0,-1,-1,-1,-1
1429482715936,20019,15190,166648,358240053594347,www.unige.ch,Http,"[257,282,308]",282.0,WIFI,,Hotel Quinta Esencia,[c8:b3:73:11:42:c4],0,[-88],-88.0,-1,-1,-1,-1
1429482776502,20018,8465,37925,358240053594347,www.unige.ch,Http,"[260,288,340]",288.0,WIFI,,Hotel Quinta Esencia,[c8:b3:73:11:42:c4],0,"[-88,-75]",-81.5,-1,-1,-1,-1
1429490103779,0,0,0,358240053594347,no_ping,data_not_available,"[0,0,0]",0.0,,,,[],0,[0],0.0,,0,0,0
1429490165245,21110,17776,19945,358240053594347,www.unige.ch,Http,"[1876,910,1089]",1089.0,WIFI,,Quinta_escencia-EXT,[c8:3a:35:f6:2d:38],0,[-54],-54.0,-1,-1,-1,-1
1429490225290,20981,10606,10210,358240053594347,www.unige.ch,Http,"[713,688,635]",688.0,WIFI,,Quinta_escencia-EXT,[c8:3a:35:f6:2d:38],0,[-54],-54.0,-1,-1,-1,-1
1429490285364,21098,4156,1116,358240053594347,www.unige.ch,Http,"[2116,1324,1927]",1927.0,WIFI,,Quinta_escencia-EXT,[c8:3a:35:f6:2d:38],0,[-54],-54.0,-1,-1,-1,-1
1429490384971,20072,4267,1191,358240053594347,www.unige.ch,Http,"[916,1130,1335]",1130.0,WIFI,,Quinta_escencia-EXT,[c8:3a:35:f6:2d:38],0,[-54],-54.0,-1,-1,-1,-1
1429490445156,20078,3823,968,358240053594347,www.unige.ch,Http,"[788,910,930]",910.0,WIFI,,Quinta_escencia-EXT,[c8:3a:35:f6:2d:38],0,[-54],-54.0,-1,-1,-1,-1
1429490505224,20013,50057,161622,358240053594347,www.unige.ch,Http,"[373,602,660]",602.0,WIFI,,Hotel Quinta Esencia,[c8:b3:73:11:42:c4],0,"[-89,-83,-75,-82]",-82.5,-1,-1,-1,-1
1429490572598,20018,4418,2068,358240053594347,www.unige.ch,Http,"[331,292,391]",331.0,WIFI,,Hotel Quinta Esencia,[c8:b3:73:11:42:c4],0,"[-80,-77]",-78.5,-1,-1,-1,-1
1429490632736,20015,21152,188168,358240053594347,www.unige.ch,Http,"[290,311,312]",311.0,WIFI,,Hotel Quinta Esencia,[c8:b3:73:11:42:c4],0,"[-74,-80,-74]",-74.0,-1,-1,-1,-1
1429490692871,20062,18499,228092,358240053594347,www.unige.ch,Http,"[299,216,224]",224.0,WIFI,,Hotel Quinta Esencia,[c8:b3:73:11:42:c4],0,[-76],-76.0,-1,-1,-1,-1
1429490753028,20016,12155,10922,358240053594347,www.unige.ch,Http,"[344,258,218]",258.0,WIFI,,Hotel Quinta Esencia,[c8:b3:73:11:42:c4],0,"[-83,-75,-79,-74,-80,-72]",-77.0,-1,-1,-1,-1
1429490813066,0,0,0,358240053594347,no_ping,data_not_available,"[0,0,0]",0.0,,,,[],0,[0],0.0,,0,0,0
1429490873258,0,0,0,358240053594347,no_ping,data_not_available,"[0,0,0]",0.0,,,,[],0,[0],0.0,,0,0,0
1429490933496,0,0,0,358240053594347,no_ping,data_not_available,"[0,0,0]",0.0,,,,[],0,[0],0.0,,0,0,0
1429490993622,0,0,0,358240053594347,no_ping,data_not_available,"[0,0,0]",0.0,,,,[],0,[0],0.0,,0,0,0
1429491053803,0,0,0,358240053594347,no_ping,data_not_available,"[0,0,0]",0.0,,,,[],0,[0],0.0,,0,0,0
1429491114260,0,0,0,358240053594347,no_ping,data_not_available,"[0,0,0]",0.0,,,,[],0,[0],0.0,,0,0,0
1429491174411,0,0,0,358240053594347,no_ping,data_not_available,"[0,0,0]",0.0,,,,[],0,[0],0.0,,0,0,0
1429491234592,0,0,0,358240053594347,no_ping,data_not_available,"[0,0,0]",0.0,,,,[],0,[0],0.0,,0,0,0
1429491294636,0,0,0,358240053594347,no_ping,data_not_available,"[0,0,0]",0.0,,,,[],0,[0],0.0,,0,0,0
1429491355229,0,0,0,358240053594347,no_ping,data_not_available,"[0,0,0]",0.0,,,,[],0,[0],0.0,,0,0,0
1429491415451,0,0,0,358240053594347,no_ping,data_not_available,"[0,0,0]",0.0,,,,[],0,[0],0.0,,0,0,0
1429491475526,0,0,0,358240053594347,no_ping,data_not_available,"[0,0,0]",0.0,,,,[],0,[0],0.0,,0,0,0
1429491536211,0,0,0,358240053594347,no_ping,data_not_available,"[0,0,0]",0.0,,,,[],0,[0],0.0,,0,0,0
1429491596220,0,0,0,358240053594347,no_ping,data_not_available,"[0,0,0]",0.0,,,,[],0,[0],0.0,,0,0,0
1429491656230,0,0,0,358240053594347,no_ping,data_not_available,"[0,0,0]",0.0,,,,[],0,[0],0.0,,0,0,0
1429491716239,0,0,0,358240053594347,no_ping,data_not_available,"[0,0,0]",0.0,,,,[],0,[0],0.0,,0,0,0
1429491776250,0,0,0,358240053594347,no_ping,data_not_available,"[0,0,0]",0.0,,,,[],0,[0],0.0,,0,0,0
1429491836260,0,0,0,358240053594347,no_ping,data_not_available,"[0,0,0]",0.0,,,,[],0,[0],0.0,,0,0,0
1429491914326,0,0,0,358240053594347,no_ping,data_not_available,"[0,0,0]",0.0,,,,[],0,[0],0.0,,0,0,0
1429491974391,0,0,0,358240053594347,no_ping,data_not_available,"[0,0,0]",0.0,,,,[],0,[0],0.0,,0,0,0
1429492034405,0,0,0,358240053594347,no_ping,data_not_available,"[0,0,0]",0.0,,,,[],0,[0],0.0,,0,0,0
1429492094418,20015,197404,13184,358240053594347,www.unige.ch,Http,"[310,304,313]",310.0,WIFI,,Quinta_escencia-EXT,[c8:3a:35:f6:2d:38],0,[-55],-55.0,-1,-1,-1,-1
1429492154433,20026,1055824,33831,358240053594347,www.unige.ch,Http,"[543,521,614]",543.0,WIFI,,Quinta_escencia-EXT,[c8:3a:35:f6:2d:38],0,"[-51,-57,-40]",-51.0,-1,-1,-1,-1
1429492214447,20019,4147,774,358240053594347,www.unige.ch,Http,"[5000,566,453]",566.0,WIFI,,Quinta_escencia-EXT,[c8:3a:35:f6:2d:38],0,[-40],-40.0,-1,-1,-1,-1
1429492275213,20069,4044,656,358240053594347,www.unige.ch,Http,"[862,573,3224]",862.0,WIFI,,Quinta_escencia-EXT,[c8:3a:35:f6:2d:38],0,[-40],-40.0,-1,-1,-1,-1
1429492335222,20071,3924,656,358240053594347,www.unige.ch,Http,"[502,740,269]",502.0,WIFI,,Quinta_escencia-EXT,[c8:3a:35:f6:2d:38],0,[-40],-40.0,-1,-1,-1,-1
1429492395235,20069,4462,1193,358240053594347,www.unige.ch,Http,"[542,683,395]",542.0,WIFI,,Quinta_escencia-EXT,[c8:3a:35:f6:2d:38],0,[-40],-40.0,-1,-1,-1,-1
1429492455378,20016,6792,26413,358240053594347,www.unige.ch,Http,"[240,388,281]",281.0,WIFI,,Quinta_escencia-EXT,[c8:3a:35:f6:2d:38],0,[-40],-40.0,-1,-1,-1,-1
1429492516211,20071,3831,656,358240053594347,www.unige.ch,Http,"[240,794,1028]",794.0,WIFI,,Quinta_escencia-EXT,[c8:3a:35:f6:2d:38],0,[-40],-40.0,-1,-1,-1,-1
1429492576274,20069,3771,656,358240053594347,www.unige.ch,Http,"[528,419,269]",419.0,WIFI,,Quinta_escencia-EXT,[c8:3a:35:f6:2d:38],0,[-40],-40.0,-1,-1,-1,-1
1429492636288,20068,3891,656,358240053594347,www.unige.ch,Http,"[1026,1027,614]",1026.0,WIFI,,Quinta_escencia-EXT,[c8:3a:35:f6:2d:38],0,[-40],-40.0,-1,-1,-1,-1
1429492696314,20064,4338,1240,358240053594347,www.unige.ch,Http,"[530,422,678]",530.0,WIFI,,Quinta_escencia-EXT,[c8:3a:35:f6:2d:38],0,[-40],-40.0,-1,-1,-1,-1
1429492756407,20126,3831,740,358240053594347,www.unige.ch,Http,"[1058,351,692]",692.0,WIFI,,Quinta_escencia-EXT,[c8:3a:35:f6:2d:38],0,[-40],-40.0,-1,-1,-1,-1
1429492816508,20064,3976,930,358240053594347,www.unige.ch,Http,"[545,235,682]",545.0,WIFI,,Quinta_escencia-EXT,[c8:3a:35:f6:2d:38],0,[-40],-40.0,-1,-1,-1,-1
1429492876578,20091,4131,672,358240053594347,www.unige.ch,Http,"[3233,1025,4215]",3233.0,WIFI,,Quinta_escencia-EXT,[c8:3a:35:f6:2d:38],0,[-40],-40.0,-1,-1,-1,-1
1429492936645,20081,3831,656,358240053594347,www.unige.ch,Http,"[1028,251,579]",579.0,WIFI,,Quinta_escencia-EXT,[c8:3a:35:f6:2d:38],0,[-40],-40.0,-1,-1,-1,-1
1429493008250,20073,4053,703,358240053594347,www.unige.ch,Http,"[5000,5000,246]",5000.0,WIFI,,Quinta_escencia-EXT,[c8:3a:35:f6:2d:38],0,[-40],-40.0,-1,-1,-1,-1
1429493068254,20092,3771,604,358240053594347,www.unige.ch,Http,"[817,330,585]",585.0,WIFI,,Quinta_escencia-EXT,[c8:3a:35:f6:2d:38],0,[-40],-40.0,-1,-1,-1,-1
1429493128263,20091,3951,656,358240053594347,www.unige.ch,Http,"[1030,1027,1039]",1030.0,WIFI,,Quinta_escencia-EXT,[c8:3a:35:f6:2d:38],0,[-40],-40.0,-1,-1,-1,-1
1429493188278,20072,3815,612,358240053594347,www.unige.ch,Http,"[571,551,673]",571.0,WIFI,,Quinta_escencia-EXT,[c8:3a:35:f6:2d:38],0,[-40],-40.0,-1,-1,-1,-1
1429493248423,20117,4148,811,358240053594347,www.unige.ch,Http,"[921,1033,1033]",1033.0,WIFI,,Quinta_escencia-EXT,[c8:3a:35:f6:2d:38],0,[-40],-40.0,-1,-1,-1,-1
1429493308492,20072,3875,612,358240053594347,www.unige.ch,Http,"[454,479,1037]",479.0,WIFI,,Quinta_escencia-EXT,[c8:3a:35:f6:2d:38],0,[-40],-40.0,-1,-1,-1,-1
1429493368546,20067,3771,656,358240053594347,www.unige.ch,Http,"[856,274,972]",856.0,WIFI,,Quinta_escencia-EXT,[c8:3a:35:f6:2d:38],0,[-40],-40.0,-1,-1,-1,-1
1429493428624,20072,3963,508,358240053594347,www.unige.ch,Http,"[5000,3529,969]",3529.0,WIFI,,Quinta_escencia-EXT,[c8:3a:35:f6:2d:38],0,[-40],-40.0,-1,-1,-1,-1
1429493488779,20094,3779,448,358240053594347,www.unige.ch,Http,"[5000,504,583]",583.0,WIFI,,Quinta_escencia-EXT,[c8:3a:35:f6:2d:38],0,[-40],-40.0,-1,-1,-1,-1
1429493548834,20092,3891,656,358240053594347,www.unige.ch,Http,"[1031,1049,227]",1031.0,WIFI,,Quinta_escencia-EXT,[c8:3a:35:f6:2d:38],0,[-40],-40.0,-1,-1,-1,-1
1429493609224,20078,3924,656,358240053594347,www.unige.ch,Http,"[960,583,490]",583.0,WIFI,,Quinta_escencia-EXT,[c8:3a:35:f6:2d:38],0,[-40],-40.0,-1,-1,-1,-1
1429493669232,20073,3783,344,358240053594347,www.unige.ch,Http,"[5000,5000,246]",5000.0,WIFI,,Quinta_escencia-EXT,[c8:3a:35:f6:2d:38],0,[-40],-40.0,-1,-1,-1,-1
1429493730223,20089,3627,0,358240053594347,www.unige.ch,Http,"[5000,5000]",5000.0,WIFI,,Quinta_escencia-EXT,[c8:3a:35:f6:2d:38],0,[-40],-40.0,-1,-1,-1,-1
1429493791216,20084,3949,875,358240053594347,www.unige.ch,Http,"[625,432,1039]",625.0,WIFI,,Quinta_escencia-EXT,[c8:3a:35:f6:2d:38],0,[-40],-40.0,-1,-1,-1,-1
1429493892266,20079,45864,87271,358240053594347,www.unige.ch,Http,"[362,243,716]",362.0,WIFI,,Quinta_escencia-EXT,[c8:3a:35:f6:2d:38],0,[-40],-40.0,-1,-1,-1,-1
1429493952422,0,0,0,358240053594347,no_ping,data_not_available,"[0,0,0]",0.0,,,,[],0,[0],0.0,,0,0,0
1429494013325,0,0,0,358240053594347,no_ping,data_not_available,"[0,0,0]",0.0,,,,[],0,[0],0.0,,0,0,0
1429494073380,0,0,0,358240053594347,no_ping,data_not_available,"[0,0,0]",0.0,,,,[],0,[0],0.0,,0,0,0
1429494148628,0,0,0,358240053594347,no_ping,data_not_available,"[0,0,0]",0.0,,,,[],0,[0],0.0,,0,0,0
1429494236226,0,0,0,358240053594347,no_ping,data_not_available,"[0,0,0]",0.0,,,,[],0,[0],0.0,,0,0,0
1429494296343,0,0,0,358240053594347,no_ping,data_not_available,"[0,0,0]",0.0,,,,[],0,[0],0.0,,0,0,0
1429494356545,0,0,0,358240053594347,no_ping,data_not_available,"[0,0,0]",0.0,,,,[],0,[0],0.0,,0,0,0
1429494416615,0,0,0,358240053594347,no_ping,data_not_available,"[0,0,0]",0.0,,,,[],0,[0],0.0,,0,0,0
1429494476851,0,0,0,358240053594347,no_ping,data_not_available,"[0,0,0]",0.0,,,,[],0,[0],0.0,,0,0,0
1429494537213,0,0,0,358240053594347,no_ping,data_not_available,"[0,0,0]",0.0,,,,[],0,[0],0.0,,0,0,0
1429494597439,0,0,0,358240053594347,no_ping,data_not_available,"[0,0,0]",0.0,,,,[],0,[0],0.0,,0,0,0
1429494658244,0,0,0,358240053594347,no_ping,data_not_available,"[0,0,0]",0.0,,,,[],0,[0],0.0,,0,0,0
1429494718370,0,0,0,358240053594347,no_ping,data_not_available,"[0,0,0]",0.0,,,,[],0,[0],0.0,,0,0,0
1429494778575,0,0,0,358240053594347,no_ping,data_not_available,"[0,0,0]",0.0,,,,[],0,[0],0.0,,0,0,0
1429494868678,0,0,0,358240053594347,no_ping,data_not_available,"[0,0,0]",0.0,,,,[],0,[0],0.0,,0,0,0
1429494959372,0,0,0,358240053594347,no_ping,data_not_available,"[0,0,0]",0.0,,,,[],0,[0],0.0,,0,0,0
1429495019556,0,0,0,358240053594347,no_ping,data_not_available,"[0,0,0]",0.0,,,,[],0,[0],0.0,,0,0,0
1429495079739,0,0,0,358240053594347,no_ping,data_not_available,"[0,0,0]",0.0,,,,[],0,[0],0.0,,0,0,0
1429495140224,0,0,0,358240053594347,no_ping,data_not_available,"[0,0,0]",0.0,,,,[],0,[0],0.0,,0,0,0
1429495200363,0,0,0,358240053594347,no_ping,data_not_available,"[0,0,0]",0.0,,,,[],0,[0],0.0,,0,0,0
1429495261310,0,0,0,358240053594347,no_ping,data_not_available,"[0,0,0]",0.0,,,,[],0,[0],0.0,,0,0,0
1429495321560,0,0,0,358240053594347,no_ping,data_not_available,"[0,0,0]",0.0,,,,[],0,[0],0.0,,0,0,0
1429495381779,0,0,0,358240053594347,no_ping,data_not_available,"[0,0,0]",0.0,,,,[],0,[0],0.0,,0,0,0
1429495441940,0,0,0,358240053594347,no_ping,data_not_available,"[0,0,0]",0.0,,,,[],0,[0],0.0,,0,0,0
1429495502222,0,0,0,358240053594347,no_ping,data_not_available,"[0,0,0]",0.0,,,,[],0,[0],0.0,,0,0,0
1429495562555,0,0,0,358240053594347,no_ping,data_not_available,"[0,0,0]",0.0,,,,[],0,[0],0.0,,0,0,0
1429495623248,0,0,0,358240053594347,no_ping,data_not_available,"[0,0,0]",0.0,,,,[],0,[0],0.0,,0,0,0
1429495693277,0,0,0,358240053594347,no_ping,data_not_available,"[0,0,0]",0.0,,,,[],0,[0],0.0,,0,0,0
1429495753237,0,0,0,358240053594347,no_ping,data_not_available,"[0,0,0]",0.0,,,,[],0,[0],0.0,,0,0,0
1429495813260,0,0,0,358240053594347,no_ping,data_not_available,"[0,0,0]",0.0,,,,[],0,[0],0.0,,0,0,0
1429495873269,0,0,0,358240053594347,no_ping,data_not_available,"[0,0,0]",0.0,,,,[],0,[0],0.0,,0,0,0
1429495933280,0,0,0,358240053594347,no_ping,data_not_available,"[0,0,0]",0.0,,,,[],0,[0],0.0,,0,0,0
1429495993339,0,0,0,358240053594347,no_ping,data_not_available,"[0,0,0]",0.0,,,,[],0,[0],0.0,,0,0,0
1429496053397,0,0,0,358240053594347,no_ping,data_not_available,"[0,0,0]",0.0,,,,[],0,[0],0.0,,0,0,0
1429496113409,0,0,0,358240053594347,no_ping,data_not_available,"[0,0,0]",0.0,,,,[],0,[0],0.0,,0,0,0
1429496173414,0,0,0,358240053594347,no_ping,data_not_available,"[0,0,0]",0.0,,,,[],0,[0],0.0,,0,0,0
1429496233460,0,0,0,358240053594347,no_ping,data_not_available,"[0,0,0]",0.0,,,,[],0,[0],0.0,,0,0,0
1429496293577,0,0,0,358240053594347,no_ping,data_not_available,"[0,0,0]",0.0,,,,[],0,[0],0.0,,0,0,0
1429496354332,0,0,0,358240053594347,no_ping,data_not_available,"[0,0,0]",0.0,,,,[],0,[0],0.0,,0,0,0
1429496414384,0,0,0,358240053594347,no_ping,data_not_available,"[0,0,0]",0.0,,,,[],0,[0],0.0,,0,0,0
1429496474465,0,0,0,358240053594347,no_ping,data_not_available,"[0,0,0]",0.0,,,,[],0,[0],0.0,,0,0,0
1429496534547,0,0,0,358240053594347,no_ping,data_not_available,"[0,0,0]",0.0,,,,[],0,[0],0.0,,0,0,0
1429496594558,0,0,0,358240053594347,no_ping,data_not_available,"[0,0,0]",0.0,,,,[],0,[0],0.0,,0,0,0
1429496654588,0,0,0,358240053594347,no_ping,data_not_available,"[0,0,0]",0.0,,,,[],0,[0],0.0,,0,0,0
1429496714765,0,0,0,358240053594347,no_ping,data_not_available,"[0,0,0]",0.0,,,,[],0,[0],0.0,,0,0,0
1429496775217,0,0,0,358240053594347,no_ping,data_not_available,"[0,0,0]",0.0,,,,[],0,[0],0.0,,0,0,0
1429496835231,0,0,0,358240053594347,no_ping,data_not_available,"[0,0,0]",0.0,,,,[],0,[0],0.0,,0,0,0
1429496895244,0,0,0,358240053594347,no_ping,data_not_available,"[0,0,0]",0.0,,,,[],0,[0],0.0,,0,0,0
1429496955258,0,0,0,358240053594347,no_ping,data_not_available,"[0,0,0]",0.0,,,,[],0,[0],0.0,,0,0,0
1429497015330,0,0,0,358240053594347,no_ping,data_not_available,"[0,0,0]",0.0,,,,[],0,[0],0.0,,0,0,0
1429497076228,0,0,0,358240053594347,no_ping,data_not_available,"[0,0,0]",0.0,,,,[],0,[0],0.0,,0,0,0
1429497145223,0,0,0,358240053594347,no_ping,data_not_available,"[0,0,0]",0.0,,,,[],0,[0],0.0,,0,0,0
1429497205343,0,0,0,358240053594347,no_ping,data_not_available,"[0,0,0]",0.0,,,,[],0,[0],0.0,,0,0,0
1429497265583,0,0,0,358240053594347,no_ping,data_not_available,"[0,0,0]",0.0,,,,[],0,[0],0.0,,0,0,0
1429497335235,0,0,0,358240053594347,no_ping,data_not_available,"[0,0,0]",0.0,,,,[],0,[0],0.0,,0,0,0
1429497395246,0,0,0,358240053594347,no_ping,data_not_available,"[0,0,0]",0.0,,,,[],0,[0],0.0,,0,0,0
1429497455269,0,0,0,358240053594347,no_ping,data_not_available,"[0,0,0]",0.0,,,,[],0,[0],0.0,,0,0,0
1429497515265,0,0,0,358240053594347,no_ping,data_not_available,"[0,0,0]",0.0,,,,[],0,[0],0.0,,0,0,0
1429497575280,0,0,0,358240053594347,no_ping,data_not_available,"[0,0,0]",0.0,,,,[],0,[0],0.0,,0,0,0
1429497635293,0,0,0,358240053594347,no_ping,data_not_available,"[0,0,0]",0.0,,,,[],0,[0],0.0,,0,0,0
1429497695306,0,0,0,358240053594347,no_ping,data_not_available,"[0,0,0]",0.0,,,,[],0,[0],0.0,,0,0,0
1429497791291,0,0,0,358240053594347,no_ping,data_not_available,"[0,0,0]",0.0,,,,[],0,[0],0.0,,0,0,0
1429497865244,0,0,0,358240053594347,no_ping,data_not_available,"[0,0,0]",0.0,,,,[],0,[0],0.0,,0,0,0
1429497925281,0,0,0,358240053594347,no_ping,data_not_available,"[0,0,0]",0.0,,,,[],0,[0],0.0,,0,0,0
1429497985277,0,0,0,358240053594347,no_ping,data_not_available,"[0,0,0]",0.0,,,,[],0,[0],0.0,,0,0,0
1429498045364,0,0,0,358240053594347,no_ping,data_not_available,"[0,0,0]",0.0,,,,[],0,[0],0.0,,0,0,0
1429498105370,0,0,0,358240053594347,no_ping,data_not_available,"[0,0,0]",0.0,,,,[],0,[0],0.0,,0,0,0
1429498165417,0,0,0,358240053594347,no_ping,data_not_available,"[0,0,0]",0.0,,,,[],0,[0],0.0,,0,0,0
1429498225427,0,0,0,358240053594347,no_ping,data_not_available,"[0,0,0]",0.0,,,,[],0,[0],0.0,,0,0,0
1429498285491,0,0,0,358240053594347,no_ping,data_not_available,"[0,0,0]",0.0,,,,[],0,[0],0.0,,0,0,0
1429498345551,0,0,0,358240053594347,no_ping,data_not_available,"[0,0,0]",0.0,,,,[],0,[0],0.0,,0,0,0
1429498405565,0,0,0,358240053594347,no_ping,data_not_available,"[0,0,0]",0.0,,,,[],0,[0],0.0,,0,0,0
1429498465643,0,0,0,358240053594347,no_ping,data_not_available,"[0,0,0]",0.0,,,,[],0,[0],0.0,,0,0,0
1429498525674,0,0,0,358240053594347,no_ping,data_not_available,"[0,0,0]",0.0,,,,[],0,[0],0.0,,0,0,0
1429498585710,0,0,0,358240053594347,no_ping,data_not_available,"[0,0,0]",0.0,,,,[],0,[0],0.0,,0,0,0
1429498646231,0,0,0,358240053594347,no_ping,data_not_available,"[0,0,0]",0.0,,,,[],0,[0],0.0,,0,0,0
1429498706235,0,0,0,358240053594347,no_ping,data_not_available,"[0,0,0]",0.0,,,,[],0,[0],0.0,,0,0,0
1429498766251,0,0,0,358240053594347,no_ping,data_not_available,"[0,0,0]",0.0,,,,[],0,[0],0.0,,0,0,0
1429498827219,0,0,0,358240053594347,no_ping,data_not_available,"[0,0,0]",0.0,,,,[],0,[0],0.0,,0,0,0
1429498887238,0,0,0,358240053594347,no_ping,data_not_available,"[0,0,0]",0.0,,,,[],0,[0],0.0,,0,0,0
1429498947302,0,0,0,358240053594347,no_ping,data_not_available,"[0,0,0]",0.0,,,,[],0,[0],0.0,,0,0,0
1429499007311,0,0,0,358240053594347,no_ping,data_not_available,"[0,0,0]",0.0,,,,[],0,[0],0.0,,0,0,0
1429499067397,0,0,0,358240053594347,no_ping,data_not_available,"[0,0,0]",0.0,,,,[],0,[0],0.0,,0,0,0
1429499146656,21056,188646,365406,358240053594347,www.unige.ch,Http,"[212,206,215]",212.0,WIFI,,Hotel Quinta Esencia,[c8:b3:73:11:42:c4],0,"[-77,-78]",-77.5,-1,-1,-1,-1
1429499211557,21040,15169,10955,358240053594347,www.unige.ch,Http,"[226,307,393]",307.0,WIFI,,Hotel Quinta Esencia,[c8:b3:73:11:42:c4],0,"[-75,-86,-77,-79,-73]",-77.0,-1,-1,-1,-1
1429499271560,21028,11683,33939,358240053594347,www.unige.ch,Http,"[308,305,245]",305.0,WIFI,,Hotel Quinta Esencia,[c8:b3:73:11:42:c4],0,"[-74,-79,-77]",-77.0,-1,-1,-1,-1
1429499331578,20024,12544,21518,358240053594347,www.unige.ch,Http,"[322,307,306]",307.0,WIFI,,Hotel Quinta Esencia,[c8:b3:73:11:42:c4],0,"[-74,-78]",-76.0,-1,-1,-1,-1
1429540495966,0,0,0,358240053594347,no_ping,data_not_available,"[0,0,0]",0.0,,,,[],0,[0],0.0,,0,0,0
1429540555705,20028,6946,7973,358240053594347,www.unige.ch,Http,"[205,211,210]",210.0,WIFI,,Hotel Quinta Esencia,[c8:b3:73:11:42:c4],0,[-127],-127.0,-1,-1,-1,-1
1429540615876,20091,4118,3378,358240053594347,www.unige.ch,Http,"[264,218,217]",218.0,WIFI,,Hotel Quinta Esencia,[c8:b3:73:11:42:c4],0,[-127],-127.0,-1,-1,-1,-1
1429540703026,20043,46576,110045,358240053594347,www.unige.ch,Http,"[322,260,211]",260.0,WIFI,,Hotel Quinta Esencia,[c8:b3:73:11:42:c4],0,[-86],-86.0,-1,-1,-1,-1
1429540784562,20016,81862,18777,358240053594347,www.unige.ch,Http,"[248,742,231]",248.0,WIFI,,Hotel Quinta Esencia,[c8:b3:73:11:42:c4],0,"[-89,-87,-89,-88,-90]",-89.0,-1,-1,-1,-1
1429540844578,20078,7896,10628,358240053594347,www.unige.ch,Http,"[318,244,254]",254.0,WIFI,,Hotel Quinta Esencia,[c8:b3:73:11:42:c4],0,"[-86,-91,-87,-89,-86]",-87.0,-1,-1,-1,-1
1429540904680,20082,6355,2316,358240053594347,www.unige.ch,Http,"[215,225,218]",218.0,WIFI,,Hotel Quinta Esencia,[c8:b3:73:11:42:c4],0,[-85],-85.0,-1,-1,-1,-1
1429540964744,20015,77703,19715,358240053594347,www.unige.ch,Http,"[236,1675,357]",357.0,WIFI,,Hotel Quinta Esencia,[c8:b3:73:11:42:c4],0,"[-80,-77,-78]",-78.0,-1,-1,-1,-1
1429541024767,20044,38990,256589,358240053594347,www.unige.ch,Http,"[270,309,286]",286.0,WIFI,,Hotel Quinta Esencia,[c8:b3:73:11:42:c4],0,"[-77,-80]",-78.5,-1,-1,-1,-1
1429541084780,20059,9266,2645,358240053594347,www.unige.ch,Http,"[213,219,210]",213.0,WIFI,,Hotel Quinta Esencia,[c8:b3:73:11:42:c4],0,"[-90,-86]",-88.0,-1,-1,-1,-1
1429541145957,20072,4139,930,358240053594347,www.unige.ch,Http,"[475,512,809]",512.0,WIFI,,Hotel Quinta Esencia,[c8:b3:73:11:42:c4],0,[-86],-86.0,-1,-1,-1,-1
1429541206099,20059,3771,656,358240053594347,www.unige.ch,Http,"[506,501,516]",506.0,WIFI,,Hotel Quinta Esencia,[c8:b3:73:11:42:c4],0,[-86],-86.0,-1,-1,-1,-1
1429541266284,20029,4055,1119,358240053594347,www.unige.ch,Http,"[493,226,339]",339.0,WIFI,,Hotel Quinta Esencia,[c8:b3:73:11:42:c4],0,[-86],-86.0,-1,-1,-1,-1
1429541326503,20092,3937,736,358240053594347,www.unige.ch,Http,"[219,221,403]",221.0,WIFI,,Hotel Quinta Esencia,[c8:b3:73:11:42:c4],0,[-86],-86.0,-1,-1,-1,-1
1429541386881,20023,4101,930,358240053594347,www.unige.ch,Http,"[219,235,440]",235.0,WIFI,,Hotel Quinta Esencia,[c8:b3:73:11:42:c4],0,[-86],-86.0,-1,-1,-1,-1
1429541447882,20084,3924,656,358240053594347,www.unige.ch,Http,"[214,213,228]",214.0,WIFI,,Hotel Quinta Esencia,[c8:b3:73:11:42:c4],0,[-86],-86.0,-1,-1,-1,-1
1429541507866,20019,8985,5104,358240053594347,www.unige.ch,Http,"[214,212,210]",212.0,WIFI,,Hotel Quinta Esencia,[c8:b3:73:11:42:c4],0,[-86],-86.0,-1,-1,-1,-1
1429541568009,21134,8593,10698,358240053594347,www.unige.ch,Http,"[214,225,221]",221.0,WIFI,,Hotel Quinta Esencia,[c8:b3:73:11:42:c4],0,[-87],-87.0,-1,-1,-1,-1
1429541633869,20074,4139,1238,358240053594347,www.unige.ch,Http,"[465,504,516]",504.0,WIFI,,Hotel Quinta Esencia,[c8:b3:73:11:42:c4],0,[-87],-87.0,-1,-1,-1,-1
1429541694086,20019,5112,1573,358240053594347,www.unige.ch,Http,"[314,512,341]",341.0,WIFI,,Hotel Quinta Esencia,[c8:b3:73:11:42:c4],0,[-87],-87.0,-1,-1,-1,-1
1429541754277,20016,4387,1108,358240053594347,www.unige.ch,Http,"[229,218,217]",218.0,WIFI,,Hotel Quinta Esencia,[c8:b3:73:11:42:c4],0,"[-83,-77,-79,-76]",-78.0,-1,-1,-1,-1
1429541814429,20068,3771,656,358240053594347,www.unige.ch,Http,"[270,331,278]",278.0,WIFI,,Hotel Quinta Esencia,[c8:b3:73:11:42:c4],0,"[-79,-77]",-78.0,-1,-1,-1,-1
1429541874457,20067,19782,52022,358240053594347,www.unige.ch,Http,"[4881,5000,1465]",4881.0,WIFI,,Hotel Quinta Esencia,[c8:b3:73:11:42:c4],0,[-78],-78.0,-1,-1,-1,-1
1429541934662,20018,10105,6157,358240053594347,www.unige.ch,Http,"[208,230,371]",230.0,WIFI,,Hotel Quinta Esencia,[c8:b3:73:11:42:c4],0,[-83],-83.0,-1,-1,-1,-1
1429541996688,20073,120498,408027,358240053594347,www.unige.ch,Http,"[221,217,213]",217.0,WIFI,,Hotel Quinta Esencia,[c8:b3:73:11:42:c4],0,"[-79,-76]",-77.5,-1,-1,-1,-1
1429542056739,20022,98195,269539,358240053594347,www.unige.ch,Http,"[261,219,222]",222.0,WIFI,,Hotel Quinta Esencia,[c8:b3:73:11:42:c4],0,[-74],-74.0,-1,-1,-1,-1
1429542116760,21043,173461,697392,358240053594347,www.unige.ch,Http,"[3212,203,210]",210.0,WIFI,,Hotel Quinta Esencia,[c8:b3:73:11:42:c4],0,[-74],-74.0,-1,-1,-1,-1
1429542176780,20094,58248,24332,358240053594347,www.unige.ch,Http,"[347,1740,301]",347.0,WIFI,,Hotel Quinta Esencia,[c8:b3:73:11:42:c4],0,"[-75,-86]",-80.5,-1,-1,-1,-1
1429542236842,20027,8994,21848,358240053594347,www.unige.ch,Http,"[215,226,269]",226.0,WIFI,,Hotel Quinta Esencia,[c8:b3:73:11:42:c4],0,"[-82,-89,-81]",-82.0,-1,-1,-1,-1
1429542299175,21165,75629,25044,358240053594347,www.unige.ch,Http,"[338,251,267]",267.0,WIFI,,Hotel Quinta Esencia,[c8:b3:73:11:42:c4],0,[-83],-83.0,-1,-1,-1,-1
1429542376257,20029,122749,148486,358240053594347,www.unige.ch,Http,"[272,252,248]",252.0,WIFI,,Hotel Quinta Esencia,[c8:b3:73:11:42:c4],0,[-87],-87.0,-1,-1,-1,-1
1429542436295,21105,49355,55860,358240053594347,www.unige.ch,Http,"[227,267,306]",267.0,WIFI,,Hotel Quinta Esencia,[c8:b3:73:11:42:c4],0,[-87],-87.0,-1,-1,-1,-1
1429542496378,20081,32221,25862,358240053594347,www.unige.ch,Http,"[1589,376,2098]",1589.0,WIFI,,Hotel Quinta Esencia,[c8:b3:73:11:42:c4],0,[-87],-87.0,-1,-1,-1,-1
1429542556437,20074,6255,2313,358240053594347,www.unige.ch,Http,"[217,291,3319]",291.0,WIFI,,Hotel Quinta Esencia,[c8:b3:73:11:42:c4],0,[-87],-87.0,-1,-1,-1,-1
1429542616508,20109,4031,1378,358240053594347,www.unige.ch,Http,"[256,521,272]",272.0,WIFI,,Hotel Quinta Esencia,[c8:b3:73:11:42:c4],0,[-87],-87.0,-1,-1,-1,-1
1429542676606,20077,4392,1221,358240053594347,www.unige.ch,Http,"[482,221,248]",248.0,WIFI,,Hotel Quinta Esencia,[c8:b3:73:11:42:c4],0,[-87],-87.0,-1,-1,-1,-1
1429542736901,20134,4187,992,358240053594347,www.unige.ch,Http,"[217,226,282]",226.0,WIFI,,Hotel Quinta Esencia,[c8:b3:73:11:42:c4],0,[-87],-87.0,-1,-1,-1,-1
1429542797238,20051,4392,756,358240053594347,www.unige.ch,Http,"[254,219,220]",220.0,WIFI,,Hotel Quinta Esencia,[c8:b3:73:11:42:c4],0,[-87],-87.0,-1,-1,-1,-1
1429542857314,20056,7100,3071,358240053594347,www.unige.ch,Http,"[213,286,229]",229.0,WIFI,,Hotel Quinta Esencia,[c8:b3:73:11:42:c4],0,[-86],-86.0,-1,-1,-1,-1
1429542917349,20058,5548,1311,358240053594347,www.unige.ch,Http,"[1123,215,785]",785.0,WIFI,,Hotel Quinta Esencia,[c8:b3:73:11:42:c4],0,[-82],-82.0,-1,-1,-1,-1
1429542979864,20018,21418,127814,358240053594347,www.unige.ch,Http,"[472,511,518]",511.0,WIFI,,Hotel Quinta Esencia,[c8:b3:73:11:42:c4],0,"[-72,-80,-77,-82]",-78.5,-1,-1,-1,-1
1429543040095,20015,9405,63089,358240053594347,www.unige.ch,Http,"[317,371,326]",326.0,WIFI,,Hotel Quinta Esencia,[c8:b3:73:11:42:c4],0,"[-78,-74]",-76.0,-1,-1,-1,-1
1429543100114,20017,66258,502799,358240053594347,www.unige.ch,Http,"[275,368,271]",275.0,WIFI,,Hotel Quinta Esencia,[c8:b3:73:11:42:c4],0,"[-78,-76,-79]",-78.0,-1,-1,-1,-1
1429543160873,20070,3823,949,358240053594347,www.unige.ch,Http,"[470,494,278]",470.0,WIFI,,Hotel Quinta Esencia,[c8:b3:73:11:42:c4],0,[-79],-79.0,-1,-1,-1,-1
1429543220898,20020,4639,1275,358240053594347,www.unige.ch,Http,"[319,408,285]",319.0,WIFI,,Hotel Quinta Esencia,[c8:b3:73:11:42:c4],0,[-79],-79.0,-1,-1,-1,-1
1429543287682,20088,4415,860,358240053594347,www.unige.ch,Http,"[335,302,300]",302.0,WIFI,,Hotel Quinta Esencia,[c8:b3:73:11:42:c4],0,"[-79,-90,-85]",-85.0,-1,-1,-1,-1
1429543347870,20017,60475,671770,358240053594347,www.unige.ch,Http,"[301,218,284]",284.0,WIFI,,Hotel Quinta Esencia,[c8:b3:73:11:42:c4],0,"[-74,-80,-76]",-76.0,-1,-1,-1,-1
1429543408050,20023,7250,5684,358240053594347,www.unige.ch,Http,"[311,321,284]",311.0,WIFI,,Hotel Quinta Esencia,[c8:b3:73:11:42:c4],0,[-71],-71.0,-1,-1,-1,-1
1429543468100,20115,13517,35700,358240053594347,www.unige.ch,Http,"[326,295,299]",299.0,WIFI,,Hotel Quinta Esencia,[c8:b3:73:11:42:c4],0,"[-74,-81,-75]",-75.0,-1,-1,-1,-1
1429543528099,20125,21334,81688,358240053594347,www.unige.ch,Http,"[303,307,312]",307.0,WIFI,,Hotel Quinta Esencia,[c8:b3:73:11:42:c4],0,"[-82,-70,-80,-77]",-78.5,-1,-1,-1,-1
1429543588119,20115,27844,258013,358240053594347,www.unige.ch,Http,"[265,312,415]",312.0,WIFI,,Hotel Quinta Esencia,[c8:b3:73:11:42:c4],0,"[-79,-75,-78]",-78.0,-1,-1,-1,-1
1429543649222,20083,19701,336630,358240053594347,www.unige.ch,Http,"[380,513,367]",380.0,WIFI,,Hotel Quinta Esencia,[c8:b3:73:11:42:c4],0,[-87],-87.0,-1,-1,-1,-1
1429543715863,20025,1164,920,358240053594347,www.unige.ch,Http,"[269,489,213]",269.0,WIFI,,Hotel Quinta Esencia,[c8:b3:73:11:42:c4],0,[-87],-87.0,-1,-1,-1,-1
1429543776169,20047,2014,1322,358240053594347,www.unige.ch,Http,"[523,216,219]",219.0,WIFI,,Hotel Quinta Esencia,[c8:b3:73:11:42:c4],0,[-87],-87.0,-1,-1,-1,-1
1429543836862,20020,1124,1124,358240053594347,www.unige.ch,Http,"[229,234,261]",234.0,WIFI,,Hotel Quinta Esencia,[c8:b3:73:11:42:c4],0,[-87],-87.0,-1,-1,-1,-1
1429543897868,20074,1570,1469,358240053594347,www.unige.ch,Http,"[218,255,447]",255.0,WIFI,,Hotel Quinta Esencia,[c8:b3:73:11:42:c4],0,[-87],-87.0,-1,-1,-1,-1
1429543958164,20081,916,741,358240053594347,www.unige.ch,Http,"[217,235,213]",217.0,WIFI,,Hotel Quinta Esencia,[c8:b3:73:11:42:c4],0,[-87],-87.0,-1,-1,-1,-1
1429544018281,20094,1452,1539,358240053594347,www.unige.ch,Http,"[527,482,286]",482.0,WIFI,,Hotel Quinta Esencia,[c8:b3:73:11:42:c4],0,[-87],-87.0,-1,-1,-1,-1
1429557372055,0,0,0,358240053594347,no_ping,data_not_available,"[0,0,0]",0.0,,,,[],0,[0],0.0,,0,0,0
1429557432104,20023,60860,18831,358240053594347,www.unige.ch,Http,"[235,212,317]",235.0,WIFI,,Hotel Quinta Esencia,[c8:b3:73:11:42:c4],0,"[-71,-80,-71]",-71.0,-1,-1,-1,-1
1429557492101,20015,4043,792,358240053594347,www.unige.ch,Http,"[301,323,295]",301.0,WIFI,,Hotel Quinta Esencia,[c8:b3:73:11:42:c4],0,"[-74,-78,-76]",-76.0,-1,-1,-1,-1
1429557558369,20021,12304,102617,358240053594347,www.unige.ch,Http,"[311,300,310]",310.0,WIFI,,Hotel Quinta Esencia,[c8:b3:73:11:42:c4],0,[-73],-73.0,-1,-1,-1,-1
1429557618416,20020,39794,534065,358240053594347,www.unige.ch,Http,"[205,211,206]",206.0,WIFI,,Hotel Quinta Esencia,[c8:b3:73:11:42:c4],0,[-73],-73.0,-1,-1,-1,-1
1429557679863,20076,4973,1497,358240053594347,www.unige.ch,Http,"[518,291,215]",291.0,WIFI,,Hotel Quinta Esencia,[c8:b3:73:11:42:c4],0,"[-81,-67,-56]",-67.0,-1,-1,-1,-1
1429557740034,20021,6535,8877,358240053594347,www.unige.ch,Http,"[327,299,293]",299.0,WIFI,,Hotel Quinta Esencia,[c8:b3:73:11:42:c4],0,"[-69,-66,-67,-65]",-66.5,-1,-1,-1,-1
1429557800286,20014,15830,51800,358240053594347,www.unige.ch,Http,"[271,317,268]",271.0,WIFI,,Hotel Quinta Esencia,[c8:b3:73:11:42:c4],0,"[-68,-63,-67,-65,-67]",-67.0,-1,-1,-1,-1
1429557902534,20044,284138,1778968,358240053594347,www.unige.ch,Http,"[340,218,320]",320.0,WIFI,,Hotel Quinta Esencia,[c8:b3:73:11:42:c4],0,"[-64,-67,-63,-68]",-65.5,-1,-1,-1,-1
1429557964310,20036,4167,1039,358240053594347,www.unige.ch,Http,"[309,303,225]",303.0,WIFI,,Hotel Quinta Esencia,[c8:b3:73:11:42:c4],0,"[-67,-66,-67]",-67.0,-1,-1,-1,-1
1429558029209,20029,21272,74244,358240053594347,www.unige.ch,Http,"[618,605,586]",605.0,WIFI,,Hotel Quinta Esencia,[c8:b3:73:11:42:c4],0,"[-63,-67,-64]",-64.0,-1,-1,-1,-1
1429558089302,21100,9429,9264,358240053594347,www.unige.ch,Http,"[206,505,488]",488.0,WIFI,,Hotel Quinta Esencia,[c8:b3:73:11:42:c4],0,[-68],-68.0,-1,-1,-1,-1
1429558173638,20093,3875,696,358240053594347,www.unige.ch,Http,"[633,483,258]",483.0,WIFI,,Hotel Quinta Esencia,[c8:b3:73:11:42:c4],0,[-68],-68.0,-1,-1,-1,-1
1429558234886,20076,4028,220,358240053594347,www.unige.ch,Http,"[5000,5000,1283]",5000.0,WIFI,,Hotel Quinta Esencia,[c8:b3:73:11:42:c4],0,[-68],-68.0,-1,-1,-1,-1
1429558295136,20079,4470,851,358240053594347,www.unige.ch,Http,"[4467,1758,724]",1758.0,WIFI,,Hotel Quinta Esencia,[c8:b3:73:11:42:c4],0,[-68],-68.0,-1,-1,-1,-1
1429558355872,20073,6375,2338,358240053594347,www.unige.ch,Http,"[932,4255,2006]",2006.0,WIFI,,Hotel Quinta Esencia,[c8:b3:73:11:42:c4],0,[-68],-68.0,-1,-1,-1,-1
1429558416098,20080,3871,276,358240053594347,www.unige.ch,Http,"[1155,5000,1658]",1658.0,WIFI,,Hotel Quinta Esencia,[c8:b3:73:11:42:c4],0,[-68],-68.0,-1,-1,-1,-1
1429558484205,20084,0,0,358240053594347,www.unige.ch,Http,"[5000,5000,5000]",5000.0,WIFI,,<unknown ssid>,[],0,[-68],-68.0,-1,-1,-1,-1
1429558544258,0,0,0,358240053594347,no_ping,data_not_available,"[0,0,0]",0.0,,,,[],0,[0],0.0,,0,0,0
1429558604865,0,0,0,358240053594347,no_ping,data_not_available,"[0,0,0]",0.0,,,,[],0,[0],0.0,,0,0,0
1429558665094,0,0,0,358240053594347,no_ping,data_not_available,"[0,0,0]",0.0,,,,[],0,[0],0.0,,0,0,0
1429558725237,0,0,0,358240053594347,no_ping,data_not_available,"[0,0,0]",0.0,,,,[],0,[0],0.0,,0,0,0
1429558785421,0,0,0,358240053594347,no_ping,data_not_available,"[0,0,0]",0.0,,,,[],0,[0],0.0,,0,0,0
1429558845695,0,0,0,358240053594347,no_ping,data_not_available,"[0,0,0]",0.0,,,,[],0,[0],0.0,,0,0,0
1429558905897,0,0,0,358240053594347,no_ping,data_not_available,"[0,0,0]",0.0,,,,[],0,[0],0.0,,0,0,0
1429558966086,0,0,0,358240053594347,no_ping,data_not_available,"[0,0,0]",0.0,,,,[],0,[0],0.0,,0,0,0
1429559026176,0,0,0,358240053594347,no_ping,data_not_available,"[0,0,0]",0.0,,,,[],0,[0],0.0,,0,0,0
1429559086256,0,0,0,358240053594347,no_ping,data_not_available,"[0,0,0]",0.0,,,,[],0,[0],0.0,,0,0,0
1429559146514,0,0,0,358240053594347,no_ping,data_not_available,"[0,0,0]",0.0,,,,[],0,[0],0.0,,0,0,0
1429559206899,0,0,0,358240053594347,no_ping,data_not_available,"[0,0,0]",0.0,,,,[],0,[0],0.0,,0,0,0
1429559284263,0,0,0,358240053594347,no_ping,data_not_available,"[0,0,0]",0.0,,,,[],0,[0],0.0,,0,0,0
1429559387245,0,0,0,358240053594347,no_ping,data_not_available,"[0,0,0]",0.0,,,,[],0,[0],0.0,,0,0,0
1429559447879,0,0,0,358240053594347,no_ping,data_not_available,"[0,0,0]",0.0,,,,[],0,[0],0.0,,0,0,0
1429559508200,0,0,0,358240053594347,no_ping,data_not_available,"[0,0,0]",0.0,,,,[],0,[0],0.0,,0,0,0
1429559568295,0,0,0,358240053594347,no_ping,data_not_available,"[0,0,0]",0.0,,,,[],0,[0],0.0,,0,0,0
1429559628461,0,0,0,358240053594347,no_ping,data_not_available,"[0,0,0]",0.0,,,,[],0,[0],0.0,,0,0,0
1429559688865,0,0,0,358240053594347,no_ping,data_not_available,"[0,0,0]",0.0,,,,[],0,[0],0.0,,0,0,0
1429559749063,0,0,0,358240053594347,no_ping,data_not_available,"[0,0,0]",0.0,,,,[],0,[0],0.0,,0,0,0
1429559809234,0,0,0,358240053594347,no_ping,data_not_available,"[0,0,0]",0.0,,,,[],0,[0],0.0,,0,0,0
1429559869448,0,0,0,358240053594347,no_ping,data_not_available,"[0,0,0]",0.0,,,,[],0,[0],0.0,,0,0,0
1429559929869,0,0,0,358240053594347,no_ping,data_not_available,"[0,0,0]",0.0,,,,[],0,[0],0.0,,0,0,0
1429559989875,0,0,0,358240053594347,no_ping,data_not_available,"[0,0,0]",0.0,,,,[],0,[0],0.0,,0,0,0
1429560050868,0,0,0,358240053594347,no_ping,data_not_available,"[0,0,0]",0.0,,,,[],0,[0],0.0,,0,0,0
1429560111031,0,0,0,358240053594347,no_ping,data_not_available,"[0,0,0]",0.0,,,,[],0,[0],0.0,,0,0,0
1429560171867,0,0,0,358240053594347,no_ping,data_not_available,"[0,0,0]",0.0,,,,[],0,[0],0.0,,0,0,0
1429560232091,0,0,0,358240053594347,no_ping,data_not_available,"[0,0,0]",0.0,,,,[],0,[0],0.0,,0,0,0
1429560292226,0,0,0,358240053594347,no_ping,data_not_available,"[0,0,0]",0.0,,,,[],0,[0],0.0,,0,0,0
1429560352362,0,0,0,358240053594347,no_ping,data_not_available,"[0,0,0]",0.0,,,,[],0,[0],0.0,,0,0,0
1429560412613,0,0,0,358240053594347,no_ping,data_not_available,"[0,0,0]",0.0,,,,[],0,[0],0.0,,0,0,0
1429560472913,0,0,0,358240053594347,no_ping,data_not_available,"[0,0,0]",0.0,,,,[],0,[0],0.0,,0,0,0
1429560533042,0,0,0,358240053594347,no_ping,data_not_available,"[0,0,0]",0.0,,,,[],0,[0],0.0,,0,0,0
1429560601871,0,0,0,358240053594347,no_ping,data_not_available,"[0,0,0]",0.0,,,,[],0,[0],0.0,,0,0,0
1429560661919,0,0,0,358240053594347,no_ping,data_not_available,"[0,0,0]",0.0,,,,[],0,[0],0.0,,0,0,0
1429560721986,0,0,0,358240053594347,no_ping,data_not_available,"[0,0,0]",0.0,,,,[],0,[0],0.0,,0,0,0
1429560782003,0,0,0,358240053594347,no_ping,data_not_available,"[0,0,0]",0.0,,,,[],0,[0],0.0,,0,0,0
1429560842146,0,0,0,358240053594347,no_ping,data_not_available,"[0,0,0]",0.0,,,,[],0,[0],0.0,,0,0,0
1429560902221,0,0,0,358240053594347,no_ping,data_not_available,"[0,0,0]",0.0,,,,[],0,[0],0.0,,0,0,0
1429560962357,0,0,0,358240053594347,no_ping,data_not_available,"[0,0,0]",0.0,,,,[],0,[0],0.0,,0,0,0
1429561022405,0,0,0,358240053594347,no_ping,data_not_available,"[0,0,0]",0.0,,,,[],0,[0],0.0,,0,0,0
1429561082885,0,0,0,358240053594347,no_ping,data_not_available,"[0,0,0]",0.0,,,,[],0,[0],0.0,,0,0,0
1429561142903,0,0,0,358240053594347,no_ping,data_not_available,"[0,0,0]",0.0,,,,[],0,[0],0.0,,0,0,0
1429561202912,0,0,0,358240053594347,no_ping,data_not_available,"[0,0,0]",0.0,,,,[],0,[0],0.0,,0,0,0
1429561262975,0,0,0,358240053594347,no_ping,data_not_available,"[0,0,0]",0.0,,,,[],0,[0],0.0,,0,0,0
1429561322985,0,0,0,358240053594347,no_ping,data_not_available,"[0,0,0]",0.0,,,,[],0,[0],0.0,,0,0,0
1429561383095,0,0,0,358240053594347,no_ping,data_not_available,"[0,0,0]",0.0,,,,[],0,[0],0.0,,0,0,0
1429561443215,0,0,0,358240053594347,no_ping,data_not_available,"[0,0,0]",0.0,,,,[],0,[0],0.0,,0,0,0
1429561503496,0,0,0,358240053594347,no_ping,data_not_available,"[0,0,0]",0.0,,,,[],0,[0],0.0,,0,0,0
1429561563871,0,0,0,358240053594347,no_ping,data_not_available,"[0,0,0]",0.0,,,,[],0,[0],0.0,,0,0,0
1429561623881,0,0,0,358240053594347,no_ping,data_not_available,"[0,0,0]",0.0,,,,[],0,[0],0.0,,0,0,0
1429561683896,0,0,0,358240053594347,no_ping,data_not_available,"[0,0,0]",0.0,,,,[],0,[0],0.0,,0,0,0
1429561743910,0,0,0,358240053594347,no_ping,data_not_available,"[0,0,0]",0.0,,,,[],0,[0],0.0,,0,0,0
1429561803967,0,0,0,358240053594347,no_ping,data_not_available,"[0,0,0]",0.0,,,,[],0,[0],0.0,,0,0,0
1429561864007,0,0,0,358240053594347,no_ping,data_not_available,"[0,0,0]",0.0,,,,[],0,[0],0.0,,0,0,0
1429561924068,0,0,0,358240053594347,no_ping,data_not_available,"[0,0,0]",0.0,,,,[],0,[0],0.0,,0,0,0
1429561984120,0,0,0,358240053594347,no_ping,data_not_available,"[0,0,0]",0.0,,,,[],0,[0],0.0,,0,0,0
1429562044195,0,0,0,358240053594347,no_ping,data_not_available,"[0,0,0]",0.0,,,,[],0,[0],0.0,,0,0,0
1429562104265,0,0,0,358240053594347,no_ping,data_not_available,"[0,0,0]",0.0,,,,[],0,[0],0.0,,0,0,0
1429562164309,0,0,0,358240053594347,no_ping,data_not_available,"[0,0,0]",0.0,,,,[],0,[0],0.0,,0,0,0
1429562224389,0,0,0,358240053594347,no_ping,data_not_available,"[0,0,0]",0.0,,,,[],0,[0],0.0,,0,0,0
1429562284450,0,0,0,358240053594347,no_ping,data_not_available,"[0,0,0]",0.0,,,,[],0,[0],0.0,,0,0,0
1429562344518,0,0,0,358240053594347,no_ping,data_not_available,"[0,0,0]",0.0,,,,[],0,[0],0.0,,0,0,0
1429562404902,0,0,0,358240053594347,no_ping,data_not_available,"[0,0,0]",0.0,,,,[],0,[0],0.0,,0,0,0
1429562464912,0,0,0,358240053594347,no_ping,data_not_available,"[0,0,0]",0.0,,,,[],0,[0],0.0,,0,0,0
1429562524920,0,0,0,358240053594347,no_ping,data_not_available,"[0,0,0]",0.0,,,,[],0,[0],0.0,,0,0,0
1429562584934,0,0,0,358240053594347,no_ping,data_not_available,"[0,0,0]",0.0,,,,[],0,[0],0.0,,0,0,0
1429562644948,0,0,0,358240053594347,no_ping,data_not_available,"[0,0,0]",0.0,,,,[],0,[0],0.0,,0,0,0
1429562705020,0,0,0,358240053594347,no_ping,data_not_available,"[0,0,0]",0.0,,,,[],0,[0],0.0,,0,0,0
1429562765085,0,0,0,358240053594347,no_ping,data_not_available,"[0,0,0]",0.0,,,,[],0,[0],0.0,,0,0,0
1429562825203,0,0,0,358240053594347,no_ping,data_not_available,"[0,0,0]",0.0,,,,[],0,[0],0.0,,0,0,0
1429562885222,0,0,0,358240053594347,no_ping,data_not_available,"[0,0,0]",0.0,,,,[],0,[0],0.0,,0,0,0
1429562945236,0,0,0,358240053594347,no_ping,data_not_available,"[0,0,0]",0.0,,,,[],0,[0],0.0,,0,0,0
1429563005295,0,0,0,358240053594347,no_ping,data_not_available,"[0,0,0]",0.0,,,,[],0,[0],0.0,,0,0,0
1429563065397,0,0,0,358240053594347,no_ping,data_not_available,"[0,0,0]",0.0,,,,[],0,[0],0.0,,0,0,0
1429563125869,0,0,0,358240053594347,no_ping,data_not_available,"[0,0,0]",0.0,,,,[],0,[0],0.0,,0,0,0
1429563185879,0,0,0,358240053594347,no_ping,data_not_available,"[0,0,0]",0.0,,,,[],0,[0],0.0,,0,0,0
1429563266018,0,0,0,358240053594347,no_ping,data_not_available,"[0,0,0]",0.0,,,,[],0,[0],0.0,,0,0,0
1429563326025,21035,290021,2709812,358240053594347,www.unige.ch,Http,"[210,207,212]",210.0,WIFI,,Hotel Quinta Esencia,[c8:b3:73:11:42:c4],0,[-71],-71.0,-1,-1,-1,-1
1429563386428,21095,74413,497961,358240053594347,www.unige.ch,Http,"[204,340,344]",340.0,WIFI,,Hotel Quinta Esencia,[c8:b3:73:11:42:c4],0,[-71],-71.0,-1,-1,-1,-1
1429563446447,21044,9766,41205,358240053594347,www.unige.ch,Http,"[872,213,205]",213.0,WIFI,,Hotel Quinta Esencia,[c8:b3:73:11:42:c4],0,[-68],-68.0,-1,-1,-1,-1
1429563507549,21080,93816,1128758,358240053594347,www.unige.ch,Http,"[789,670,390]",670.0,WIFI,,Hotel Quinta Esencia,[c8:b3:73:11:42:c4],0,[-75],-75.0,-1,-1,-1,-1
1429563567769,20016,10627,8792,358240053594347,www.unige.ch,Http,"[281,303,513]",303.0,WIFI,,Hotel Quinta Esencia,[c8:b3:73:11:42:c4],0,"[-75,-78,-77]",-77.0,-1,-1,-1,-1
1429563627833,21169,20636,30367,358240053594347,www.unige.ch,Http,"[215,211,290]",215.0,WIFI,,Hotel Quinta Esencia,[c8:b3:73:11:42:c4],0,"[-78,-77]",-77.5,-1,-1,-1,-1
1429563687843,21035,5023,1706,358240053594347,www.unige.ch,Http,"[348,234,307]",307.0,WIFI,,Hotel Quinta Esencia,[c8:b3:73:11:42:c4],0,"[-80,-77,-80,-75]",-78.5,-1,-1,-1,-1
1429563747865,21099,10872,3788,358240053594347,www.unige.ch,Http,"[224,353,212]",224.0,WIFI,,Hotel Quinta Esencia,[c8:b3:73:11:42:c4],0,[-83],-83.0,-1,-1,-1,-1
1429563807879,21036,26852,48660,358240053594347,www.unige.ch,Http,"[999,356,332]",356.0,WIFI,,Hotel Quinta Esencia,[c8:b3:73:11:42:c4],0,[-85],-85.0,-1,-1,-1,-1
1429563867891,21080,9428,5298,358240053594347,www.unige.ch,Http,"[209,214,272]",214.0,WIFI,,Hotel Quinta Esencia,[c8:b3:73:11:42:c4],0,"[-85,-76]",-80.5,-1,-1,-1,-1
1429563927958,20020,5769,2245,358240053594347,www.unige.ch,Http,"[304,304,311]",304.0,WIFI,,Hotel Quinta Esencia,[c8:b3:73:11:42:c4],0,[-73],-73.0,-1,-1,-1,-1
1429563987980,21045,195425,1693124,358240053594347,www.unige.ch,Http,"[222,216,209]",216.0,WIFI,,Hotel Quinta Esencia,[c8:b3:73:11:42:c4],0,"[-78,-72,-78]",-78.0,-1,-1,-1,-1
1429564048001,21169,46732,648521,358240053594347,www.unige.ch,Http,"[273,302,308]",302.0,WIFI,,Hotel Quinta Esencia,[c8:b3:73:11:42:c4],0,[-80],-80.0,-1,-1,-1,-1
1429564108011,20039,19285,186855,358240053594347,www.unige.ch,Http,"[339,212,308]",308.0,WIFI,,Hotel Quinta Esencia,[c8:b3:73:11:42:c4],0,[-81],-81.0,-1,-1,-1,-1
1429564168074,20021,65010,264524,358240053594347,www.unige.ch,Http,"[3225,3258,3354]",3258.0,WIFI,,Hotel Quinta Esencia,[c8:b3:73:11:42:c4],0,[-81],-81.0,-1,-1,-1,-1
1429564228071,20041,28694,76093,358240053594347,www.unige.ch,Http,"[215,208,226]",215.0,WIFI,,Hotel Quinta Esencia,[c8:b3:73:11:42:c4],0,[-78],-78.0,-1,-1,-1,-1
1429564288097,20019,89566,1256545,358240053594347,www.unige.ch,Http,"[5000,1996,2125]",2125.0,WIFI,,Hotel Quinta Esencia,[c8:b3:73:11:42:c4],0,[-78],-78.0,-1,-1,-1,-1
1429564348125,20022,85252,2015286,358240053594347,www.unige.ch,Http,"[747,709,1098]",747.0,WIFI,,Hotel Quinta Esencia,[c8:b3:73:11:42:c4],0,[-78],-78.0,-1,-1,-1,-1
1429564408178,20072,41110,383333,358240053594347,www.unige.ch,Http,"[1991,810,1596]",1596.0,WIFI,,Hotel Quinta Esencia,[c8:b3:73:11:42:c4],0,"[-88,-90,-88]",-88.0,-1,-1,-1,-1
1429564468247,20025,17155,170447,358240053594347,www.unige.ch,Http,"[227,230,225]",227.0,WIFI,,Hotel Quinta Esencia,[c8:b3:73:11:42:c4],0,"[-88,-89,-80]",-88.0,-1,-1,-1,-1
1429564528275,20093,6788,10486,358240053594347,www.unige.ch,Http,"[232,207,209]",209.0,WIFI,,Hotel Quinta Esencia,[c8:b3:73:11:42:c4],0,[-76],-76.0,-1,-1,-1,-1
1429564588408,20018,184805,3558377,358240053594347,www.unige.ch,Http,"[315,470,555]",470.0,WIFI,,Hotel Quinta Esencia,[c8:b3:73:11:42:c4],0,"[-76,-83]",-79.5,-1,-1,-1,-1
1429564648837,20101,8816,6768,358240053594347,www.unige.ch,Http,"[299,303,309]",303.0,WIFI,,Hotel Quinta Esencia,[c8:b3:73:11:42:c4],0,"[-78,-77,-80,-73,-78]",-78.0,-1,-1,-1,-1
1429564708870,20758,1706,1070,358240053594347,www.unige.ch,Http,"[215,213,208]",213.0,WIFI,,Hotel Quinta Esencia,[c8:b3:73:11:42:c4],0,"[-77,-83]",-80.0,-1,-1,-1,-1
1429564768888,20026,1255586,47380,358240053594347,www.unige.ch,Http,"[1187,2312,1285]",1285.0,WIFI,,Hotel Quinta Esencia,[c8:b3:73:11:42:c4],0,[-81],-81.0,-1,-1,-1,-1
1429564830118,20295,1760624,50372,358240053594347,www.unige.ch,Http,"[1236,973,949]",973.0,WIFI,,Hotel Quinta Esencia,[c8:b3:73:11:42:c4],0,"[-81,-74,-78]",-78.0,-1,-1,-1,-1
1429564890132,20038,1797924,61886,358240053594347,www.unige.ch,Http,"[525,458,488]",488.0,WIFI,,Hotel Quinta Esencia,[c8:b3:73:11:42:c4],0,"[-78,-77,-80]",-78.0,-1,-1,-1,-1
1429564950133,21048,782394,33788,358240053594347,www.unige.ch,Http,"[291,235,243]",243.0,WIFI,,Hotel Quinta Esencia,[c8:b3:73:11:42:c4],0,[-80],-80.0,-1,-1,-1,-1
1429565010160,20022,2022124,61429,358240053594347,www.unige.ch,Http,"[756,780,850]",780.0,WIFI,,Hotel Quinta Esencia,[c8:b3:73:11:42:c4],0,[-80],-80.0,-1,-1,-1,-1
1429565070191,20080,2255529,67519,358240053594347,www.unige.ch,Http,"[727,653,534]",653.0,WIFI,,Hotel Quinta Esencia,[c8:b3:73:11:42:c4],0,[-81],-81.0,-1,-1,-1,-1
1429565143173,20032,47974,6328,358240053594347,www.unige.ch,Http,"[214,220,215]",215.0,WIFI,,Hotel Quinta Esencia,[c8:b3:73:11:42:c4],0,[-79],-79.0,-1,-1,-1,-1
1429565203170,20020,1428,1271,358240053594347,www.unige.ch,Http,"[211,233,216]",216.0,WIFI,,Hotel Quinta Esencia,[c8:b3:73:11:42:c4],0,"[-79,-89,-87]",-87.0,-1,-1,-1,-1
1429565268130,20087,1048,913,358240053594347,www.unige.ch,Http,"[213,466,512]",466.0,WIFI,,Hotel Quinta Esencia,[c8:b3:73:11:42:c4],0,[-87],-87.0,-1,-1,-1,-1
1429565328132,20023,30009,173785,358240053594347,www.unige.ch,Http,"[509,511,511]",511.0,WIFI,,Hotel Quinta Esencia,[c8:b3:73:11:42:c4],0,"[-65,-67,-63,-67,-81]",-67.0,-1,-1,-1,-1
1429565396967,20042,8204,9466,358240053594347,www.unige.ch,Http,"[298,313,308]",308.0,WIFI,,Hotel Quinta Esencia,[c8:b3:73:11:42:c4],0,[-75],-75.0,-1,-1,-1,-1
1429565456987,20198,1142,928,358240053594347,www.unige.ch,Http,"[311,266,239]",266.0,WIFI,,Hotel Quinta Esencia,[c8:b3:73:11:42:c4],0,"[-76,-80,-73]",-76.0,-1,-1,-1,-1
1429565531725,20056,15754,11591,358240053594347,www.unige.ch,Http,"[292,223,205]",223.0,WIFI,,Hotel Quinta Esencia,[c8:b3:73:11:42:c4],0,"[-68,-78,-74,-83,-69]",-74.0,-1,-1,-1,-1
1429565598224,20019,8020,3465,358240053594347,www.unige.ch,Http,"[5000,5000,5000]",5000.0,WIFI,,<unknown ssid>,[],0,"[-78,-92]",-85.0,-1,-1,-1,-1
1429565662613,0,0,0,358240053594347,no_ping,data_not_available,"[0,0,0]",0.0,,,,[],0,[0],0.0,,0,0,0
1429565733287,0,0,0,358240053594347,no_ping,data_not_available,"[0,0,0]",0.0,,,,[],0,[0],0.0,,0,0,0
1429565793455,0,0,0,358240053594347,no_ping,data_not_available,"[0,0,0]",0.0,,,,[],0,[0],0.0,,0,0,0
1429565853684,0,0,0,358240053594347,no_ping,data_not_available,"[0,0,0]",0.0,,,,[],0,[0],0.0,,0,0,0
1429565914053,0,0,0,358240053594347,no_ping,data_not_available,"[0,0,0]",0.0,,,,[],0,[0],0.0,,0,0,0
1429565974275,0,0,0,358240053594347,no_ping,data_not_available,"[0,0,0]",0.0,,,,[],0,[0],0.0,,0,0,0
1429566034512,0,0,0,358240053594347,no_ping,data_not_available,"[0,0,0]",0.0,,,,[],0,[0],0.0,,0,0,0
1429566094783,0,0,0,358240053594347,no_ping,data_not_available,"[0,0,0]",0.0,,,,[],0,[0],0.0,,0,0,0
1429566155012,0,0,0,358240053594347,no_ping,data_not_available,"[0,0,0]",0.0,,,,[],0,[0],0.0,,0,0,0
1429566215083,0,0,0,358240053594347,no_ping,data_not_available,"[0,0,0]",0.0,,,,[],0,[0],0.0,,0,0,0
1429566275160,0,0,0,358240053594347,no_ping,data_not_available,"[0,0,0]",0.0,,,,[],0,[0],0.0,,0,0,0
1429566335234,0,0,0,358240053594347,no_ping,data_not_available,"[0,0,0]",0.0,,,,[],0,[0],0.0,,0,0,0
1429566395300,0,0,0,358240053594347,no_ping,data_not_available,"[0,0,0]",0.0,,,,[],0,[0],0.0,,0,0,0
1429566455421,0,0,0,358240053594347,no_ping,data_not_available,"[0,0,0]",0.0,,,,[],0,[0],0.0,,0,0,0
1429566551691,0,0,0,358240053594347,no_ping,data_not_available,"[0,0,0]",0.0,,,,[],0,[0],0.0,,0,0,0
1429566611687,0,0,0,358240053594347,no_ping,data_not_available,"[0,0,0]",0.0,,,,[],0,[0],0.0,,0,0,0
1429566671757,0,0,0,358240053594347,no_ping,data_not_available,"[0,0,0]",0.0,,,,[],0,[0],0.0,,0,0,0
1429566731830,0,0,0,358240053594347,no_ping,data_not_available,"[0,0,0]",0.0,,,,[],0,[0],0.0,,0,0,0
1429566791900,0,0,0,358240053594347,no_ping,data_not_available,"[0,0,0]",0.0,,,,[],0,[0],0.0,,0,0,0
1429566852019,0,0,0,358240053594347,no_ping,data_not_available,"[0,0,0]",0.0,,,,[],0,[0],0.0,,0,0,0
1429566912088,0,0,0,358240053594347,no_ping,data_not_available,"[0,0,0]",0.0,,,,[],0,[0],0.0,,0,0,0
1429566972239,0,0,0,358240053594347,no_ping,data_not_available,"[0,0,0]",0.0,,,,[],0,[0],0.0,,0,0,0
1429567032227,0,0,0,358240053594347,no_ping,data_not_available,"[0,0,0]",0.0,,,,[],0,[0],0.0,,0,0,0
1429567092301,0,0,0,358240053594347,no_ping,data_not_available,"[0,0,0]",0.0,,,,[],0,[0],0.0,,0,0,0
1429567152370,0,0,0,358240053594347,no_ping,data_not_available,"[0,0,0]",0.0,,,,[],0,[0],0.0,,0,0,0
