1432937018591,com.android.systemui,10012,1458,false,FOREGROUND,true
1432937019572,com.google.android.googlequicksearchbox,10019,1815,true,FOREGROUND,true
1432937028410,com.google.android.googlequicksearchbox,10019,1815,true,FOREGROUND,true
1432937031539,com.google.android.youtube,10071,14718,true,FOREGROUND,true
1432937089115,com.google.android.googlequicksearchbox,10019,1815,true,FOREGROUND,true
1432937090449,com.google.android.googlequicksearchbox,10019,1815,true,FOREGROUND,true
1432938164629,com.android.systemui,10012,1458,false,FOREGROUND,true
1432938166969,com.android.systemui,10012,1458,false,FOREGROUND,true
1432938174797,com.google.android.googlequicksearchbox,10019,2027,true,FOREGROUND,true
1432938179409,com.whatsapp,10075,6323,true,FOREGROUND,true
1432938182876,com.whatsapp,10075,6323,true,FOREGROUND,true
1432938185092,com.whatsapp,10075,6323,true,FOREGROUND,true
1432938188740,com.whatsapp,10075,6323,true,FOREGROUND,true
1432938189231,com.whatsapp,10075,6323,true,FOREGROUND,true
1432938190846,com.google.android.inputmethod.latin,10054,1661,true,VISIBLE,true
1432938191693,com.google.android.inputmethod.latin,10054,1661,true,PERCEPTIBLE,true
1432938193275,com.google.android.inputmethod.latin,10054,1661,true,VISIBLE,true
1432938198881,com.whatsapp,10075,6323,true,FOREGROUND,true
1432938199077,com.google.android.inputmethod.latin,10054,1661,true,VISIBLE,true
1432938200051,com.google.android.inputmethod.latin,10054,1661,true,PERCEPTIBLE,true
1432938200191,com.whatsapp,10075,6323,true,FOREGROUND,true
1432938219474,com.whatsapp,10075,6323,true,FOREGROUND,true
1432938219603,com.google.android.inputmethod.latin,10054,1661,true,VISIBLE,true
1432938220832,com.google.android.inputmethod.latin,10054,1661,true,PERCEPTIBLE,true
1432938221501,com.whatsapp,10075,6323,true,FOREGROUND,true
1432938225440,com.whatsapp,10075,6323,true,FOREGROUND,true
1432938227322,com.whatsapp,10075,6323,true,FOREGROUND,true
1432938228666,com.whatsapp,10075,6323,true,FOREGROUND,true
1432938244942,com.google.android.googlequicksearchbox,10019,2027,true,FOREGROUND,true
1432938247485,com.google.android.googlequicksearchbox,10019,2027,true,FOREGROUND,true
1432938247733,com.android.chrome,10031,7216,true,FOREGROUND,true
1432938285092,com.android.systemui,10012,1458,false,FOREGROUND,true
1432938285389,com.google.android.googlequicksearchbox,10019,2027,true,FOREGROUND,true
1432938294984,com.google.android.deskclock,10033,6600,false,FOREGROUND,true
1432938297204,com.google.android.deskclock,10033,6600,false,FOREGROUND,true
1432938304686,com.google.android.deskclock,10033,6600,false,FOREGROUND,true
1432938306245,com.google.android.googlequicksearchbox,10019,2027,true,FOREGROUND,true
1432938312263,com.google.android.googlequicksearchbox,10019,2027,true,FOREGROUND,true
1432938549534,com.android.systemui,10012,1458,false,FOREGROUND,true
1432938550641,com.google.android.googlequicksearchbox,10019,2027,true,FOREGROUND,true
1432938555096,com.android.chrome,10031,7216,true,FOREGROUND,true
1432938556534,com.google.android.inputmethod.latin,10054,1661,true,VISIBLE,true
1432938561128,com.google.android.inputmethod.latin,10054,1661,true,PERCEPTIBLE,true
1432938568504,com.google.android.inputmethod.latin,10054,1661,true,VISIBLE,true
1432938570370,com.google.android.inputmethod.latin,10054,1661,true,PERCEPTIBLE,true
1432938642597,com.android.systemui,10012,1458,false,FOREGROUND,true
1432938643142,com.google.android.googlequicksearchbox,10019,2027,true,FOREGROUND,true
1432938645252,com.google.android.googlequicksearchbox,10019,2027,true,FOREGROUND,true
1432965601052,com.google.android.deskclock,10033,6600,false,FOREGROUND,true
1432965615524,com.android.systemui,10012,1458,false,FOREGROUND,true
1432965626187,com.google.android.googlequicksearchbox,10019,2027,true,FOREGROUND,true
1432966200456,com.google.android.deskclock,10033,6600,false,FOREGROUND,true
1432966214263,com.android.systemui,10012,1458,false,FOREGROUND,true
1432966224217,com.google.android.googlequicksearchbox,10019,2027,true,FOREGROUND,true
1432966800433,com.google.android.deskclock,10033,6600,false,FOREGROUND,true
1432966808068,com.android.systemui,10012,1458,false,FOREGROUND,true
1432966818091,com.google.android.googlequicksearchbox,10019,2027,true,FOREGROUND,true
1432966829601,com.google.android.googlequicksearchbox,10019,2027,true,FOREGROUND,true
1432966914076,com.android.systemui,10012,1458,false,FOREGROUND,true
1432966915239,com.google.android.googlequicksearchbox,10019,2027,true,FOREGROUND,true
1432966920700,com.android.systemui,10012,1458,false,FOREGROUND,true
1432966933150,com.google.android.googlequicksearchbox,10019,2027,true,FOREGROUND,true
1432966939407,com.android.systemui,10012,1458,false,FOREGROUND,true
1432966982234,com.google.android.googlequicksearchbox,10019,2027,true,FOREGROUND,true
1432966989169,com.google.android.googlequicksearchbox,10019,2027,true,FOREGROUND,true
1432966994125,com.google.android.googlequicksearchbox,10019,2027,true,FOREGROUND,true
1432966995281,com.android.chrome,10031,7216,true,FOREGROUND,true
1432966996963,com.google.android.inputmethod.latin,10054,1661,true,VISIBLE,true
1432966999260,com.google.android.inputmethod.latin,10054,1661,true,PERCEPTIBLE,true
1432967050195,com.android.chrome,10031,7216,true,FOREGROUND,true
1432967051128,com.android.chrome,10031,7216,true,FOREGROUND,true
1432967187659,com.google.android.googlequicksearchbox,10019,2027,true,FOREGROUND,true
1432967191051,com.google.android.googlequicksearchbox,10019,2027,true,FOREGROUND,true
1432967193958,com.android.systemui,10012,1458,false,FOREGROUND,true
1432967195205,com.google.android.googlequicksearchbox,10019,2027,true,FOREGROUND,true
1432967202589,com.google.android.googlequicksearchbox,10019,2027,true,FOREGROUND,true
1432967206557,com.google.android.googlequicksearchbox,10019,2027,true,FOREGROUND,true
1432967226490,ch.subgate.spritestudio,10094,18845,false,FOREGROUND,true
1432967227262,com.google.android.googlequicksearchbox,10019,2027,true,FOREGROUND,true
1432967228311,com.android.chrome,10031,7216,true,FOREGROUND,true
1432967245887,com.google.android.googlequicksearchbox,10019,2027,true,FOREGROUND,true
1432967247005,com.android.chrome,10031,7216,true,FOREGROUND,true
1432967248450,com.google.android.inputmethod.latin,10054,1661,true,VISIBLE,true
1432967259670,com.google.android.inputmethod.latin,10054,1661,true,PERCEPTIBLE,true
1432967293682,com.google.android.inputmethod.latin,10054,1661,true,VISIBLE,true
1432967299686,com.google.android.inputmethod.latin,10054,1661,true,PERCEPTIBLE,true
1432967358357,com.google.android.inputmethod.latin,10054,1661,true,VISIBLE,true
1432967363200,com.google.android.inputmethod.latin,10054,1661,true,PERCEPTIBLE,true
1432967400822,com.google.android.inputmethod.latin,10054,1661,true,VISIBLE,true
1432967407419,com.google.android.inputmethod.latin,10054,1661,true,PERCEPTIBLE,true
1432967435803,com.google.android.inputmethod.latin,10054,1661,true,VISIBLE,true
1432967444489,com.google.android.inputmethod.latin,10054,1661,true,PERCEPTIBLE,true
1432967476341,com.google.android.inputmethod.latin,10054,1661,true,VISIBLE,true
1432967480411,com.google.android.inputmethod.latin,10054,1661,true,PERCEPTIBLE,true
1432967509398,com.google.android.inputmethod.latin,10054,1661,true,VISIBLE,true
1432967518183,com.google.android.inputmethod.latin,10054,1661,true,PERCEPTIBLE,true
1432967527973,com.google.android.inputmethod.latin,10054,1661,true,VISIBLE,true
1432967531294,com.google.android.inputmethod.latin,10054,1661,true,PERCEPTIBLE,true
1432967544525,com.google.android.inputmethod.latin,10054,1661,true,PERCEPTIBLE,true
1432967567219,com.google.android.googlequicksearchbox,10019,2027,true,FOREGROUND,true
1432967569215,com.google.android.googlequicksearchbox,10019,2027,true,FOREGROUND,true
1432967775601,com.google.android.googlequicksearchbox,10019,2027,true,FOREGROUND,true
1432971189197,com.google.android.googlequicksearchbox,10019,2027,true,FOREGROUND,true
1432972382213,com.android.systemui,10012,1458,false,FOREGROUND,true
1432972383542,com.google.android.googlequicksearchbox,10019,2027,true,FOREGROUND,true
1432972385328,com.android.chrome,10031,7216,true,FOREGROUND,true
1432972386730,com.google.android.inputmethod.latin,10054,1661,true,VISIBLE,true
1432972388236,com.google.android.inputmethod.latin,10054,1661,true,PERCEPTIBLE,true
1432972390159,com.android.systemui,10012,1458,false,FOREGROUND,true
1432972393746,com.google.android.googlequicksearchbox,10019,2027,true,FOREGROUND,true
1432972395246,com.google.android.googlequicksearchbox,10019,2027,true,FOREGROUND,true
1432972401787,ch.srf.mobile.srfplayer,10087,29206,true,FOREGROUND,true
1432972404265,ch.srf.mobile.srfplayer,10087,29206,true,FOREGROUND,true
1432972409732,ch.srf.mobile.srfplayer,10087,29206,true,FOREGROUND,true
1432972419225,ch.srf.mobile.srfplayer,10087,29206,true,FOREGROUND,true
1432972428544,com.whatsapp,10075,6323,true,FOREGROUND,true
1432972438593,com.google.android.inputmethod.latin,10054,1661,true,VISIBLE,true
1432972442048,com.whatsapp,10075,6323,true,FOREGROUND,true
1432972443729,com.whatsapp,10075,6323,true,FOREGROUND,true
1432972443987,com.google.android.inputmethod.latin,10054,1661,true,PERCEPTIBLE,true
1432972445325,com.google.android.googlequicksearchbox,10019,2027,true,FOREGROUND,true
1432972446629,com.android.systemui,10012,1458,false,FOREGROUND,true
1432972447898,ch.srf.mobile.srfplayer,10087,29206,true,FOREGROUND,true
1432972449011,ch.srf.mobile.srfplayer,10087,29206,true,FOREGROUND,true
1432972453845,ch.srf.mobile.srfplayer,10087,29206,true,FOREGROUND,true
1432972463053,ch.srf.mobile.srfplayer,10087,29206,true,FOREGROUND,true
1432972467475,ch.srf.mobile.srfplayer,10087,29206,true,FOREGROUND,true
1432972468158,com.google.android.googlequicksearchbox,10019,2027,true,FOREGROUND,true
1432972469207,com.android.chrome,10031,7216,true,FOREGROUND,true
1432972469452,com.google.android.inputmethod.latin,10054,1661,true,VISIBLE,true
1432972472397,com.google.android.inputmethod.latin,10054,1661,true,VISIBLE,true
1432972503369,com.google.android.inputmethod.latin,10054,1661,true,VISIBLE,true
1432972511734,com.google.android.inputmethod.latin,10054,1661,true,PERCEPTIBLE,true
1432972627528,com.google.android.inputmethod.latin,10054,1661,true,VISIBLE,true
1432972635829,com.google.android.inputmethod.latin,10054,1661,true,PERCEPTIBLE,true
1432972684438,com.android.systemui,10012,1458,false,FOREGROUND,true
1432972928471,com.android.systemui,10012,1458,false,FOREGROUND,true
1432972929488,com.android.chrome,10031,7216,true,FOREGROUND,true
1432972968920,com.google.android.googlequicksearchbox,10019,2027,true,FOREGROUND,true
1432972969601,com.google.android.googlequicksearchbox,10019,2027,true,FOREGROUND,true
1432972973720,com.google.android.youtube,10071,32634,true,FOREGROUND,true
1432973042128,com.google.android.googlequicksearchbox,10019,2027,true,FOREGROUND,true
1432973042747,com.google.android.googlequicksearchbox,10019,2027,true,FOREGROUND,true
1432973045682,ch.srf.mobile.srfplayer,10087,29206,true,FOREGROUND,true
1432973079261,ch.srf.mobile.srfplayer,10087,29206,true,FOREGROUND,true
1432973082313,ch.srf.mobile.srfplayer,10087,29206,true,FOREGROUND,true
1432973085664,ch.srf.mobile.srfplayer,10087,29206,true,FOREGROUND,true
1432973086601,com.google.android.googlequicksearchbox,10019,2027,true,FOREGROUND,true
1432973087164,com.google.android.googlequicksearchbox,10019,2027,true,FOREGROUND,true
1432973089543,com.google.android.youtube,10071,32634,true,FOREGROUND,true
1432973098823,com.google.android.inputmethod.latin,10054,1661,true,PERCEPTIBLE,true
1432973131720,com.google.android.inputmethod.latin,10054,1661,true,VISIBLE,true
1432973137760,com.google.android.inputmethod.latin,10054,1661,true,PERCEPTIBLE,true
1432973159520,com.android.systemui,10012,1458,false,FOREGROUND,true
1432973161735,com.android.systemui,10012,1458,false,FOREGROUND,true
1432973166811,com.android.systemui,10012,1458,false,FOREGROUND,true
1432973180675,com.android.systemui,10012,1458,false,FOREGROUND,true
1432973271172,com.android.systemui,10012,1458,false,FOREGROUND,true
1432973290791,com.google.android.inputmethod.latin,10054,1661,true,VISIBLE,true
1432973295320,com.google.android.inputmethod.latin,10054,1661,true,PERCEPTIBLE,true
1432973304540,com.android.systemui,10012,1458,false,FOREGROUND,true
1432973314270,com.android.systemui,10012,1458,false,FOREGROUND,true
1432973317612,com.android.systemui,10012,1458,false,FOREGROUND,true
1432973471281,com.google.android.googlequicksearchbox,10019,2027,true,FOREGROUND,true
1432973501194,com.google.android.googlequicksearchbox,10019,2027,true,FOREGROUND,true
1432973508637,com.android.systemui,10012,1458,false,FOREGROUND,true
1432973509730,com.android.systemui,10012,1458,false,FOREGROUND,true
1432973510932,com.google.android.googlequicksearchbox,10019,2027,true,FOREGROUND,true
1432973515960,com.android.chrome,10031,7216,true,FOREGROUND,true
1432973517488,com.google.android.inputmethod.latin,10054,1661,true,VISIBLE,true
1432973520190,com.google.android.inputmethod.latin,10054,1661,true,PERCEPTIBLE,true
1432973542407,com.google.android.inputmethod.latin,10054,1661,true,VISIBLE,true
1432973544688,com.google.android.inputmethod.latin,10054,1661,true,PERCEPTIBLE,true
1432973724874,com.google.android.inputmethod.latin,10054,1661,true,VISIBLE,true
1432973728730,com.google.android.inputmethod.latin,10054,1661,true,PERCEPTIBLE,true
1432973836190,com.google.android.googlequicksearchbox,10019,2027,true,FOREGROUND,true
1432973848765,com.android.systemui,10012,1458,false,FOREGROUND,true
1432973849571,com.android.chrome,10031,7216,true,FOREGROUND,true
1432973859587,com.google.android.inputmethod.latin,10054,1661,true,VISIBLE,true
1432973864614,com.google.android.inputmethod.latin,10054,1661,true,PERCEPTIBLE,true
1432973914530,com.google.android.inputmethod.latin,10054,1661,true,VISIBLE,true
1432973917920,com.google.android.inputmethod.latin,10054,1661,true,PERCEPTIBLE,true
1432973930150,com.google.android.inputmethod.latin,10054,1661,true,VISIBLE,true
1432973933957,com.google.android.inputmethod.latin,10054,1661,true,PERCEPTIBLE,true
1432974042755,com.google.android.googlequicksearchbox,10019,2027,true,FOREGROUND,true
1432974044193,com.android.chrome,10031,7216,true,FOREGROUND,true
1432974045956,com.google.android.googlequicksearchbox,10019,2027,true,FOREGROUND,true
1432974046962,com.android.systemui,10012,1458,false,FOREGROUND,true
1432974048371,com.google.android.youtube,10071,32634,true,FOREGROUND,true
1432974049637,com.google.android.inputmethod.latin,10054,1661,true,VISIBLE,true
1432974057763,com.google.android.inputmethod.latin,10054,1661,true,PERCEPTIBLE,true
1432974078237,com.android.systemui,10012,1458,false,FOREGROUND,true
1432974100806,com.android.systemui,10012,1458,false,FOREGROUND,true
1432974207358,com.android.systemui,10012,1458,false,FOREGROUND,true
1432974291303,com.android.systemui,10012,1458,false,FOREGROUND,true
1432974292907,com.google.android.youtube,10071,32634,true,FOREGROUND,true
1432974310663,com.android.systemui,10012,1458,false,FOREGROUND,true
1432974341433,com.android.systemui,10012,1458,false,FOREGROUND,true
1432974384762,com.android.systemui,10012,1458,false,FOREGROUND,true
1432974449415,com.android.systemui,10012,1458,false,FOREGROUND,true
1432974454108,com.android.systemui,10012,1458,false,FOREGROUND,true
1432974455076,com.android.chrome,10031,7216,true,FOREGROUND,true
1432974637443,com.android.systemui,10012,1458,false,FOREGROUND,true
1432974760087,com.android.systemui,10012,1458,false,FOREGROUND,true
1432974761714,com.android.chrome,10031,7216,true,FOREGROUND,true
1432974766432,com.google.android.googlequicksearchbox,10019,2027,true,FOREGROUND,true
1432974767429,com.android.chrome,10031,7216,true,FOREGROUND,true
1432974768937,com.google.android.inputmethod.latin,10054,1661,true,VISIBLE,true
1432974769279,com.google.android.inputmethod.latin,10054,1661,true,PERCEPTIBLE,true
1432974769951,com.android.systemui,10012,1458,false,FOREGROUND,true
1432974770852,com.google.android.youtube,10071,32634,true,FOREGROUND,true
1432974773654,com.google.android.inputmethod.latin,10054,1661,true,VISIBLE,true
1432974775611,com.google.android.inputmethod.latin,10054,1661,true,PERCEPTIBLE,true
1432974793204,com.android.systemui,10012,1458,false,FOREGROUND,true
1432974811555,com.android.systemui,10012,1458,false,FOREGROUND,true
1432974812448,com.android.chrome,10031,7216,true,FOREGROUND,true
1432974812525,com.google.android.inputmethod.latin,10054,1661,true,VISIBLE,true
1432974813895,com.google.android.inputmethod.latin,10054,1661,true,PERCEPTIBLE,true
1432974814844,com.google.android.youtube,10071,32634,true,FOREGROUND,true
1432974825503,com.android.systemui,10012,1458,false,FOREGROUND,true
1432974905151,com.android.systemui,10012,1458,false,FOREGROUND,true
1432974910835,com.android.systemui,10012,1458,false,FOREGROUND,true
1432974956853,com.android.systemui,10012,1458,false,FOREGROUND,true
1432974963159,com.android.systemui,10012,1458,false,FOREGROUND,true
1432974968133,com.google.android.googlequicksearchbox,10019,2027,true,FOREGROUND,true
1432974969263,com.android.systemui,10012,1458,false,FOREGROUND,true
1432974970232,com.google.android.googlequicksearchbox,10019,2027,true,FOREGROUND,true
1432974973231,com.google.android.googlequicksearchbox,10019,2027,true,FOREGROUND,true
1432974973640,com.android.chrome,10031,16142,true,FOREGROUND,true
1432974975524,com.android.systemui,10012,1458,false,FOREGROUND,true
1432974976706,com.android.chrome,10031,16142,true,FOREGROUND,true
1432974981893,com.google.android.inputmethod.latin,10054,1661,true,VISIBLE,true
1432974988802,com.google.android.inputmethod.latin,10054,1661,true,VISIBLE,true
1432974989233,com.google.android.inputmethod.latin,10054,1661,true,VISIBLE,true
1432974995419,com.google.android.inputmethod.latin,10054,1661,true,PERCEPTIBLE,true
1432975029839,com.google.android.inputmethod.latin,10054,1661,true,VISIBLE,true
1432975031439,com.google.android.inputmethod.latin,10054,1661,true,VISIBLE,true
1432975034124,com.google.android.inputmethod.latin,10054,1661,true,VISIBLE,true
1432975035129,com.google.android.inputmethod.latin,10054,1661,true,VISIBLE,true
1432975036229,com.google.android.inputmethod.latin,10054,1661,true,VISIBLE,true
1432975040913,com.google.android.inputmethod.latin,10054,1661,true,PERCEPTIBLE,true
1432975042929,com.google.android.inputmethod.latin,10054,1661,true,VISIBLE,true
1432975043154,com.google.android.inputmethod.latin,10054,1661,true,VISIBLE,true
1432975043547,com.google.android.inputmethod.latin,10054,1661,true,PERCEPTIBLE,true
1432975045174,com.google.android.inputmethod.latin,10054,1661,true,VISIBLE,true
1432975052275,com.google.android.inputmethod.latin,10054,1661,true,PERCEPTIBLE,true
1432975113004,com.android.systemui,10012,1458,false,FOREGROUND,true
1432975114475,com.google.android.googlequicksearchbox,10019,2027,true,FOREGROUND,true
1432975116787,com.google.android.googlequicksearchbox,10019,2027,true,FOREGROUND,true
1432975121943,com.google.android.youtube,10071,18001,true,FOREGROUND,true
1432975123462,com.google.android.inputmethod.latin,10054,1661,true,VISIBLE,true
1432975127323,com.google.android.inputmethod.latin,10054,1661,true,PERCEPTIBLE,true
1432975148450,com.android.systemui,10012,1458,false,FOREGROUND,true
1432975150012,com.google.android.youtube,10071,18001,true,FOREGROUND,true
1432975198194,com.android.systemui,10012,1458,false,FOREGROUND,true
1432975540158,com.google.android.inputmethod.latin,10054,1661,true,VISIBLE,true
1432975550825,com.google.android.inputmethod.latin,10054,1661,true,PERCEPTIBLE,true
1432975614475,com.google.android.youtube,10071,18001,true,FOREGROUND,true
1432975615116,com.google.android.youtube,10071,18001,true,FOREGROUND,true
1432975616246,com.google.android.youtube,10071,18001,true,FOREGROUND,true
1432975617427,com.google.android.inputmethod.latin,10054,1661,true,VISIBLE,true
1432975619424,com.google.android.inputmethod.latin,10054,1661,true,VISIBLE,true
1432975619722,com.google.android.inputmethod.latin,10054,1661,true,VISIBLE,true
1432975621230,com.google.android.inputmethod.latin,10054,1661,true,VISIBLE,true
1432975621594,com.google.android.inputmethod.latin,10054,1661,true,VISIBLE,true
1432975625944,com.google.android.inputmethod.latin,10054,1661,true,PERCEPTIBLE,true
1432975665687,com.android.systemui,10012,1458,false,FOREGROUND,true
1432976013854,com.android.systemui,10012,1458,false,FOREGROUND,true
1432976027160,com.android.systemui,10012,1458,false,FOREGROUND,true
1432976036286,com.google.android.youtube,10071,18001,true,FOREGROUND,true
1432976040547,com.google.android.inputmethod.latin,10054,1661,true,VISIBLE,true
1432976042317,com.google.android.inputmethod.latin,10054,1661,true,PERCEPTIBLE,true
1432976046640,com.android.systemui,10012,1458,false,FOREGROUND,true
1432976190000,com.google.android.googlequicksearchbox,10019,2027,true,FOREGROUND,true
1432976190653,com.google.android.googlequicksearchbox,10019,2027,true,FOREGROUND,true
1432976234533,com.android.systemui,10012,1458,false,FOREGROUND,true
1432976235644,com.google.android.googlequicksearchbox,10019,2027,true,FOREGROUND,true
1432976237826,com.android.chrome,10031,16142,true,FOREGROUND,true
1432976239429,com.google.android.inputmethod.latin,10054,1661,true,VISIBLE,true
1432976246592,com.google.android.inputmethod.latin,10054,1661,true,PERCEPTIBLE,true
1432976279913,com.google.android.googlequicksearchbox,10019,2027,true,FOREGROUND,true
1432976282354,com.google.android.googlequicksearchbox,10019,2027,true,FOREGROUND,true
1432978336167,com.google.android.googlequicksearchbox,10019,2027,true,FOREGROUND,true
1432980038624,com.google.android.googlequicksearchbox,10019,2027,true,FOREGROUND,true
1432980297773,com.android.systemui,10012,1458,false,FOREGROUND,true
1432980298777,com.google.android.googlequicksearchbox,10019,2027,true,FOREGROUND,true
1432980307530,com.android.systemui,10012,1458,false,FOREGROUND,true
1432980310002,com.google.android.googlequicksearchbox,10019,2027,true,FOREGROUND,true
1432980311971,com.android.systemui,10012,1458,false,FOREGROUND,true
1432980312090,com.google.android.googlequicksearchbox,10019,2027,true,FOREGROUND,true
1432982319739,com.google.android.googlequicksearchbox,10019,2027,true,FOREGROUND,true
1432982333649,com.android.systemui,10012,1458,false,FOREGROUND,true
1432982334751,com.google.android.googlequicksearchbox,10019,2027,true,FOREGROUND,true
1432982334844,com.android.systemui,10012,1458,false,FOREGROUND,true
1432982354322,com.google.android.googlequicksearchbox,10019,2027,true,FOREGROUND,true
1432982356001,com.android.chrome,10031,16142,true,FOREGROUND,true
1432982357223,com.google.android.inputmethod.latin,10054,1661,true,VISIBLE,true
1432982358911,com.google.android.inputmethod.latin,10054,1661,true,PERCEPTIBLE,true
1432982602505,com.android.systemui,10012,1458,false,FOREGROUND,true
1432982642772,com.android.systemui,10012,1458,false,FOREGROUND,true
1432982643846,com.android.chrome,10031,16142,true,FOREGROUND,true
1432982667746,com.google.android.googlequicksearchbox,10019,2027,true,FOREGROUND,true
1432982668586,com.android.systemui,10012,1458,false,FOREGROUND,true
1432982670373,com.google.android.googlequicksearchbox,10019,2027,true,FOREGROUND,true
1432982671308,com.google.android.googlequicksearchbox,10019,2027,true,FOREGROUND,true
1432982811238,com.android.systemui,10012,1458,false,FOREGROUND,true
1432982812260,com.google.android.googlequicksearchbox,10019,2027,true,FOREGROUND,true
1432982812365,com.android.systemui,10012,1458,false,FOREGROUND,true
1432982814909,com.google.android.googlequicksearchbox,10019,2027,true,FOREGROUND,true
1432982816648,com.whatsapp,10075,15962,true,FOREGROUND,true
1432982823783,com.whatsapp,10075,15962,true,FOREGROUND,true
1432982823895,com.google.android.inputmethod.latin,10054,1661,true,PERCEPTIBLE,true
1432982827037,com.google.android.inputmethod.latin,10054,1661,true,VISIBLE,true
1432982827113,com.google.android.inputmethod.latin,10054,1661,true,VISIBLE,true
1432982831755,com.google.android.inputmethod.latin,10054,1661,true,VISIBLE,true
1432982832536,com.google.android.inputmethod.latin,10054,1661,true,VISIBLE,true
1432982846527,com.google.android.inputmethod.latin,10054,1661,true,VISIBLE,true
1432982884766,com.google.android.inputmethod.latin,10054,1661,true,PERCEPTIBLE,true
1432982885782,com.whatsapp,10075,15962,true,FOREGROUND,true
1432982890396,com.google.android.googlequicksearchbox,10019,2027,true,FOREGROUND,true
1432982891436,com.android.systemui,10012,1458,false,FOREGROUND,true
1432982893056,com.google.android.googlequicksearchbox,10019,2027,true,FOREGROUND,true
1432982894482,com.google.android.googlequicksearchbox,10019,2027,true,FOREGROUND,true
1432982923579,com.android.systemui,10012,1458,false,FOREGROUND,true
1432982925057,com.google.android.googlequicksearchbox,10019,2027,true,FOREGROUND,true
1432982925906,com.whatsapp,10075,15962,true,FOREGROUND,true
1432982930083,com.whatsapp,10075,15962,true,FOREGROUND,true
1432982938408,com.whatsapp,10075,15962,true,FOREGROUND,true
1432982939596,com.whatsapp,10075,15962,true,FOREGROUND,true
1432982944507,com.whatsapp,10075,15962,true,FOREGROUND,true
1432982945424,com.google.android.googlequicksearchbox,10019,2027,true,FOREGROUND,true
1432982975483,com.google.android.googlequicksearchbox,10019,2027,true,FOREGROUND,true
1432982981030,com.android.systemui,10012,1458,false,FOREGROUND,true
1432982990927,com.google.android.googlequicksearchbox,10019,2027,true,FOREGROUND,true
1432983008720,com.google.android.googlequicksearchbox,10019,2027,true,FOREGROUND,true
1432983018934,com.google.android.googlequicksearchbox,10019,2027,true,FOREGROUND,true
1432983029533,com.android.systemui,10012,1458,false,FOREGROUND,true
1432983030573,com.google.android.googlequicksearchbox,10019,2027,true,FOREGROUND,true
1432983031448,com.whatsapp,10075,15962,true,FOREGROUND,true
1432983033537,com.whatsapp,10075,15962,true,FOREGROUND,true
1432983035526,com.whatsapp,10075,15962,true,FOREGROUND,true
1432983036431,com.whatsapp,10075,15962,true,FOREGROUND,true
1432983039799,com.whatsapp,10075,15962,true,FOREGROUND,true
1432983040910,com.whatsapp,10075,15962,true,FOREGROUND,true
1432983042296,com.whatsapp,10075,15962,true,FOREGROUND,true
1432983043181,com.whatsapp,10075,15962,true,FOREGROUND,true
1432983044589,com.whatsapp,10075,15962,true,FOREGROUND,true
1432983045567,com.google.android.inputmethod.latin,10054,1661,true,VISIBLE,true
1432983049231,com.google.android.inputmethod.latin,10054,1661,true,VISIBLE,true
1432983049433,com.google.android.inputmethod.latin,10054,1661,true,VISIBLE,true
1432983056025,com.google.android.inputmethod.latin,10054,1661,true,PERCEPTIBLE,true
1432983058170,com.google.android.inputmethod.latin,10054,1661,true,VISIBLE,true
1432983073465,com.google.android.inputmethod.latin,10054,1661,true,PERCEPTIBLE,true
1432983073538,com.google.android.googlequicksearchbox,10019,2027,true,FOREGROUND,true
1432983074413,com.google.android.googlequicksearchbox,10019,2027,true,FOREGROUND,true
1432983085373,com.google.android.googlequicksearchbox,10019,2027,true,FOREGROUND,true
1432983841537,com.android.systemui,10012,1458,false,FOREGROUND,true
1432983842491,com.google.android.googlequicksearchbox,10019,2027,true,FOREGROUND,true
1432983854523,com.android.systemui,10012,1458,false,FOREGROUND,true
1432983856944,com.whatsapp,10075,15962,true,FOREGROUND,true
1432983891694,com.android.systemui,10012,1458,false,FOREGROUND,true
1432984268703,com.android.systemui,10012,1458,false,FOREGROUND,true
1432984269642,com.whatsapp,10075,15962,true,FOREGROUND,true
1432984270553,com.whatsapp,10075,15962,true,FOREGROUND,true
1432984272330,com.whatsapp,10075,15962,true,FOREGROUND,true
1432984273021,com.google.android.inputmethod.latin,10054,1661,true,VISIBLE,true
1432984275254,com.google.android.inputmethod.latin,10054,1661,true,VISIBLE,true
1432984275819,com.google.android.inputmethod.latin,10054,1661,true,VISIBLE,true
1432984326363,com.google.android.inputmethod.latin,10054,1661,true,PERCEPTIBLE,true
1432984330716,com.android.systemui,10012,1458,false,FOREGROUND,true
1432984338838,com.android.systemui,10012,1458,false,FOREGROUND,true
1432985017314,com.android.systemui,10012,1458,false,FOREGROUND,true
1432985018199,com.whatsapp,10075,15962,true,FOREGROUND,true
1432985020459,com.google.android.googlequicksearchbox,10019,2027,true,FOREGROUND,true
1432985040019,com.android.chrome,10031,16142,true,FOREGROUND,true
1432985045903,com.google.android.googlequicksearchbox,10019,2027,true,FOREGROUND,true
1432985047024,com.whatsapp,10075,15962,true,FOREGROUND,true
1432985048422,com.whatsapp,10075,15962,true,FOREGROUND,true
1432985049351,com.google.android.googlequicksearchbox,10019,2027,true,FOREGROUND,true
1432985050180,com.android.chrome,10031,16142,true,FOREGROUND,true
1432985051625,com.google.android.inputmethod.latin,10054,1661,true,VISIBLE,true
1432985053487,com.google.android.inputmethod.latin,10054,1661,true,PERCEPTIBLE,true
1432985117571,com.google.android.googlequicksearchbox,10019,2027,true,FOREGROUND,true
1432985118431,com.google.android.googlequicksearchbox,10019,2027,true,FOREGROUND,true
1432985120525,com.google.android.youtube,10071,18001,true,FOREGROUND,true
1432985133885,com.google.android.youtube,10071,18001,true,FOREGROUND,true
1432985158739,com.android.systemui,10012,1458,false,FOREGROUND,true
1432985164754,com.android.systemui,10012,1458,false,FOREGROUND,true
1432985168130,com.android.systemui,10012,1458,false,FOREGROUND,true
1432985176685,com.android.systemui,10012,1458,false,FOREGROUND,true
1432985182225,com.android.systemui,10012,1458,false,FOREGROUND,true
1432985185483,com.android.systemui,10012,1458,false,FOREGROUND,true
1432985332576,com.android.systemui,10012,1458,false,FOREGROUND,true
1432985350222,com.android.systemui,10012,1458,false,FOREGROUND,true
1432985460613,com.android.systemui,10012,1458,false,FOREGROUND,true
1432985928134,com.android.systemui,10012,1458,false,FOREGROUND,true
1432985929204,com.google.android.youtube,10071,18001,true,FOREGROUND,true
1432985943982,com.android.systemui,10012,1458,false,FOREGROUND,true
1432986074417,com.android.systemui,10012,1458,false,FOREGROUND,true
1432986082253,com.android.systemui,10012,1458,false,FOREGROUND,true
1432986085312,com.android.systemui,10012,1458,false,FOREGROUND,true
1432986090797,com.android.systemui,10012,1458,false,FOREGROUND,true
1432986204582,com.android.systemui,10012,1458,false,FOREGROUND,true
1432986286093,com.android.systemui,10012,1458,false,FOREGROUND,true
1432987030780,com.android.systemui,10012,1458,false,FOREGROUND,true
1432987031715,com.google.android.youtube,10071,18001,true,FOREGROUND,true
1432987033072,com.google.android.googlequicksearchbox,10019,2027,true,FOREGROUND,true
1432987033192,com.google.android.googlequicksearchbox,10019,2027,true,FOREGROUND,true
1432987034256,com.whatsapp,10075,15962,true,FOREGROUND,true
1432987037380,com.google.android.inputmethod.latin,10054,1661,true,VISIBLE,true
1432987039643,com.whatsapp,10075,15962,true,FOREGROUND,true
1432987039828,com.google.android.inputmethod.latin,10054,1661,true,PERCEPTIBLE,true
1432987041366,com.whatsapp,10075,15962,true,FOREGROUND,true
1432987047617,com.whatsapp,10075,15962,true,FOREGROUND,true
1432987048232,com.google.android.googlequicksearchbox,10019,2027,true,FOREGROUND,true
1432987048747,com.google.android.googlequicksearchbox,10019,2027,true,FOREGROUND,true
1432987054204,com.google.android.googlequicksearchbox,10019,2027,true,FOREGROUND,true
1432987055225,com.whatsapp,10075,15962,true,FOREGROUND,true
1432987056486,com.whatsapp,10075,15962,true,FOREGROUND,true
1432987060342,com.whatsapp,10075,15962,true,FOREGROUND,true
1432987060483,com.google.android.inputmethod.latin,10054,1661,true,PERCEPTIBLE,true
1432987062914,com.google.android.inputmethod.latin,10054,1661,true,VISIBLE,true
1432987063039,com.google.android.inputmethod.latin,10054,1661,true,VISIBLE,true
1432987063767,com.google.android.inputmethod.latin,10054,1661,true,VISIBLE,true
1432987064224,com.google.android.inputmethod.latin,10054,1661,true,VISIBLE,true
1432987069778,com.google.android.inputmethod.latin,10054,1661,true,VISIBLE,true
1432987070009,com.google.android.inputmethod.latin,10054,1661,true,VISIBLE,true
1432987072441,com.google.android.inputmethod.latin,10054,1661,true,VISIBLE,true
1432987072675,com.google.android.inputmethod.latin,10054,1661,true,VISIBLE,true
1432987083906,com.google.android.inputmethod.latin,10054,1661,true,VISIBLE,true
1432987084415,com.google.android.inputmethod.latin,10054,1661,true,VISIBLE,true
1432987085004,com.google.android.inputmethod.latin,10054,1661,true,VISIBLE,true
1432987085537,com.google.android.inputmethod.latin,10054,1661,true,VISIBLE,true
1432987092292,com.google.android.inputmethod.latin,10054,1661,true,VISIBLE,true
1432987121689,com.google.android.inputmethod.latin,10054,1661,true,PERCEPTIBLE,true
1432987126090,com.android.systemui,10012,1458,false,FOREGROUND,true
1432987821225,com.android.systemui,10012,1458,false,FOREGROUND,true
1432987822194,com.whatsapp,10075,15962,true,FOREGROUND,true
1432987856889,com.android.systemui,10012,1458,false,FOREGROUND,true
1432988594690,com.android.systemui,10012,1458,false,FOREGROUND,true
1432988595686,com.whatsapp,10075,15962,true,FOREGROUND,true
1432988596866,com.google.android.googlequicksearchbox,10019,2027,true,FOREGROUND,true
1432988599813,com.android.systemui,10012,1458,false,FOREGROUND,true
1432988610729,com.google.android.googlequicksearchbox,10019,2027,true,FOREGROUND,true
1432988613146,com.android.systemui,10012,1458,false,FOREGROUND,true
1432988614224,com.google.android.googlequicksearchbox,10019,2027,true,FOREGROUND,true
1432988614401,com.android.systemui,10012,1458,false,FOREGROUND,true
1432988616749,com.google.android.googlequicksearchbox,10019,2027,true,FOREGROUND,true
1432988617714,com.android.systemui,10012,1458,false,FOREGROUND,true
1432988617814,com.google.android.googlequicksearchbox,10019,2027,true,FOREGROUND,true
1432988628523,com.android.systemui,10012,1458,false,FOREGROUND,true
1432988647448,com.android.systemui,10012,1458,false,FOREGROUND,true
1432988662138,com.google.android.googlequicksearchbox,10019,2027,true,FOREGROUND,true
1432988982583,com.android.systemui,10012,1458,false,FOREGROUND,true
1432988985494,com.google.android.googlequicksearchbox,10019,2027,true,FOREGROUND,true
1432989002817,com.android.chrome,10031,16142,true,FOREGROUND,true
1432989007587,com.google.android.googlequicksearchbox,10019,2027,true,FOREGROUND,true
1432989008414,com.whatsapp,10075,15962,true,FOREGROUND,true
1432989009622,com.whatsapp,10075,15962,true,FOREGROUND,true
1432989010784,com.whatsapp,10075,15962,true,FOREGROUND,true
1432989013355,com.google.android.inputmethod.latin,10054,1661,true,VISIBLE,true
1432989025816,com.google.android.inputmethod.latin,10054,1661,true,VISIBLE,true
1432989026176,com.google.android.inputmethod.latin,10054,1661,true,VISIBLE,true
1432989056359,com.google.android.inputmethod.latin,10054,1661,true,VISIBLE,true
1432989056915,com.google.android.inputmethod.latin,10054,1661,true,VISIBLE,true
1432989069977,com.google.android.inputmethod.latin,10054,1661,true,VISIBLE,true
1432989070346,com.google.android.inputmethod.latin,10054,1661,true,VISIBLE,true
1432989076280,com.google.android.inputmethod.latin,10054,1661,true,VISIBLE,true
1432989076778,com.google.android.inputmethod.latin,10054,1661,true,VISIBLE,true
1432989077748,com.google.android.inputmethod.latin,10054,1661,true,VISIBLE,true
1432989078410,com.google.android.inputmethod.latin,10054,1661,true,VISIBLE,true
1432989081367,com.google.android.inputmethod.latin,10054,1661,true,PERCEPTIBLE,true
1432989081491,com.google.android.googlequicksearchbox,10019,2027,true,FOREGROUND,true
1432989103085,com.android.systemui,10012,1458,false,FOREGROUND,true
1432989104831,com.google.android.googlequicksearchbox,10019,2027,true,FOREGROUND,true
1432989105949,com.google.android.googlequicksearchbox,10019,2027,true,FOREGROUND,true
1432989110240,com.google.android.googlequicksearchbox,10019,2027,true,FOREGROUND,true
1432989187196,com.android.systemui,10012,1458,false,FOREGROUND,true
1432989188175,com.google.android.googlequicksearchbox,10019,2027,true,FOREGROUND,true
1432989188345,com.android.systemui,10012,1458,false,FOREGROUND,true
1432989191586,com.google.android.googlequicksearchbox,10019,2027,true,FOREGROUND,true
1432989202737,com.whatsapp,10075,15962,true,FOREGROUND,true
1432989204304,com.google.android.googlequicksearchbox,10019,2027,true,FOREGROUND,true
1432989205151,com.android.chrome,10031,16142,true,FOREGROUND,true
1432989206362,com.google.android.inputmethod.latin,10054,1661,true,VISIBLE,true
1432989208820,com.google.android.inputmethod.latin,10054,1661,true,PERCEPTIBLE,true
1432989239044,com.google.android.googlequicksearchbox,10019,2027,true,FOREGROUND,true
1432989240296,com.android.systemui,10012,1458,false,FOREGROUND,true
1432989240411,com.google.android.googlequicksearchbox,10019,2027,true,FOREGROUND,true
1432989261960,com.google.android.googlequicksearchbox,10019,2027,true,FOREGROUND,true
1432990051711,com.google.android.googlequicksearchbox,10019,2027,true,FOREGROUND,true
1432990106065,com.google.android.googlequicksearchbox,10019,2027,true,FOREGROUND,true
1432990121348,com.android.systemui,10012,1458,false,FOREGROUND,true
1432990122394,com.google.android.googlequicksearchbox,10019,2027,true,FOREGROUND,true
1432990123219,com.google.android.googlequicksearchbox,10019,2027,true,FOREGROUND,true
1432990124080,com.android.systemui,10012,1458,false,FOREGROUND,true
1432990125813,com.whatsapp,10075,15962,true,FOREGROUND,true
1432990126550,com.google.android.googlequicksearchbox,10019,2027,true,BACKGROUND,true
1432990140737,com.google.android.inputmethod.latin,10054,1661,true,VISIBLE,true
1432990141030,com.google.android.inputmethod.latin,10054,1661,true,VISIBLE,true
1432990152461,com.google.android.inputmethod.latin,10054,1661,true,PERCEPTIBLE,true
1432990152518,com.google.android.googlequicksearchbox,10019,2027,true,FOREGROUND,true
1432990152938,com.android.systemui,10012,1458,false,FOREGROUND,true
1432990153926,com.google.android.googlequicksearchbox,10019,2027,true,FOREGROUND,true
1432990154193,com.android.systemui,10012,1458,false,FOREGROUND,true
1432990156353,com.google.android.googlequicksearchbox,10019,2027,true,FOREGROUND,true
1432990157263,com.android.systemui,10012,1458,false,FOREGROUND,true
1432990157314,com.google.android.googlequicksearchbox,10019,2027,true,FOREGROUND,true
1432990249373,com.google.android.googlequicksearchbox,10019,2027,true,FOREGROUND,true
1432992499102,com.android.systemui,10012,1458,false,FOREGROUND,true
1432992501154,com.google.android.googlequicksearchbox,10019,2027,true,FOREGROUND,true
1432997234236,com.google.android.googlequicksearchbox,10019,2027,true,FOREGROUND,true
1433001467922,com.google.android.googlequicksearchbox,10019,2027,true,FOREGROUND,true
1433003153066,com.google.android.googlequicksearchbox,10019,2027,true,FOREGROUND,true
1433004877521,com.android.systemui,10012,1458,false,FOREGROUND,true
1433004878562,com.google.android.googlequicksearchbox,10019,2027,true,FOREGROUND,true
1433004878794,com.android.systemui,10012,1458,false,FOREGROUND,true
1433004880755,com.google.android.googlequicksearchbox,10019,2027,true,FOREGROUND,true
1433004883113,com.android.systemui,10012,1458,false,FOREGROUND,true
1433004884302,com.google.android.googlequicksearchbox,10019,2027,true,FOREGROUND,true
1433004884890,com.whatsapp,10075,15962,true,FOREGROUND,true
1433004887065,com.whatsapp,10075,15962,true,FOREGROUND,true
1433004888503,com.whatsapp,10075,15962,true,FOREGROUND,true
1433004893071,com.google.android.inputmethod.latin,10054,1661,true,VISIBLE,true
1433004919343,com.google.android.inputmethod.latin,10054,1661,true,PERCEPTIBLE,true
1433004920047,com.whatsapp,10075,15962,true,FOREGROUND,true
1433004921985,com.whatsapp,10075,15962,true,FOREGROUND,true
1433004926729,com.google.android.googlequicksearchbox,10019,2027,true,FOREGROUND,true
1433004927612,com.google.android.googlequicksearchbox,10019,2027,true,FOREGROUND,true
1433005100196,com.android.systemui,10012,1458,false,FOREGROUND,true
1433005101259,com.google.android.googlequicksearchbox,10019,2027,true,FOREGROUND,true
1433005102333,com.android.systemui,10012,1458,false,FOREGROUND,true
1433005103368,com.whatsapp,10075,15962,true,FOREGROUND,true
1433005144387,com.google.android.inputmethod.latin,10054,1661,true,VISIBLE,true
1433005149018,com.google.android.inputmethod.latin,10054,1661,true,PERCEPTIBLE,true
1433005151181,com.google.android.inputmethod.latin,10054,1661,true,VISIBLE,true
1433005186775,com.google.android.inputmethod.latin,10054,1661,true,PERCEPTIBLE,true
1433005186837,com.google.android.googlequicksearchbox,10019,2027,true,FOREGROUND,true
1433005187604,com.google.android.googlequicksearchbox,10019,2027,true,FOREGROUND,true
1433005206421,com.android.systemui,10012,1458,false,FOREGROUND,true
1433005207434,com.google.android.googlequicksearchbox,10019,2027,true,FOREGROUND,true
1433005208861,com.whatsapp,10075,15962,true,FOREGROUND,true
1433005210151,com.google.android.inputmethod.latin,10054,1661,true,VISIBLE,true
1433005218279,com.google.android.inputmethod.latin,10054,1661,true,PERCEPTIBLE,true
1433005218363,com.google.android.googlequicksearchbox,10019,2027,true,FOREGROUND,true
1433005219141,com.google.android.googlequicksearchbox,10019,2027,true,FOREGROUND,true
1433005300608,com.android.systemui,10012,1458,false,FOREGROUND,true
1433005301601,com.google.android.googlequicksearchbox,10019,2027,true,FOREGROUND,true
1433005302242,com.android.systemui,10012,1458,false,FOREGROUND,true
1433005303242,com.whatsapp,10075,15962,true,FOREGROUND,true
1433005308218,com.google.android.inputmethod.latin,10054,1661,true,VISIBLE,true
1433005341044,com.google.android.inputmethod.latin,10054,1661,true,PERCEPTIBLE,true
1433005341134,com.google.android.googlequicksearchbox,10019,2027,true,FOREGROUND,true
1433005341924,com.google.android.googlequicksearchbox,10019,2027,true,FOREGROUND,true
1433005433577,com.android.systemui,10012,1458,false,FOREGROUND,true
1433005434514,com.google.android.googlequicksearchbox,10019,2027,true,FOREGROUND,true
1433005436378,com.android.systemui,10012,1458,false,FOREGROUND,true
1433005440973,com.google.android.googlequicksearchbox,10019,2027,true,FOREGROUND,true
1433010931506,com.android.systemui,10012,1458,false,FOREGROUND,true
1433010932493,com.google.android.googlequicksearchbox,10019,2027,true,FOREGROUND,true
1433010932744,com.android.systemui,10012,1458,false,FOREGROUND,true
1433010933784,com.whatsapp,10075,15962,true,FOREGROUND,true
1433010943866,com.google.android.inputmethod.latin,10054,1661,true,VISIBLE,true
1433010955959,com.google.android.inputmethod.latin,10054,1661,true,PERCEPTIBLE,true
1433010956207,com.whatsapp,10075,15962,true,FOREGROUND,true
1433010957284,com.whatsapp,10075,15962,true,FOREGROUND,true
1433010959081,com.google.android.googlequicksearchbox,10019,2027,true,FOREGROUND,true
1433010959590,com.android.systemui,10012,1458,false,FOREGROUND,true
1433010961351,com.google.android.googlequicksearchbox,10019,2027,true,FOREGROUND,true
1433010962225,com.google.android.googlequicksearchbox,10019,2027,true,FOREGROUND,true
1433016942551,com.android.systemui,10012,1458,false,FOREGROUND,true
1433016943489,com.google.android.googlequicksearchbox,10019,2027,true,FOREGROUND,true
1433016949455,com.android.systemui,10012,1458,false,FOREGROUND,true
1433016952704,com.google.android.googlequicksearchbox,10019,2027,true,FOREGROUND,true
1433016955225,com.android.systemui,10012,1458,false,FOREGROUND,true
1433016956594,com.whatsapp,10075,15962,true,FOREGROUND,true
1433016957890,com.google.android.inputmethod.latin,10054,1661,true,VISIBLE,true
1433016963673,com.google.android.inputmethod.latin,10054,1661,true,VISIBLE,true
1433016964118,com.google.android.inputmethod.latin,10054,1661,true,VISIBLE,true
1433016972156,com.google.android.inputmethod.latin,10054,1661,true,VISIBLE,true
1433016972272,com.google.android.inputmethod.latin,10054,1661,true,VISIBLE,true
1433016973217,com.google.android.inputmethod.latin,10054,1661,true,VISIBLE,true
1433016975265,com.google.android.inputmethod.latin,10054,1661,true,VISIBLE,true
1433016976339,com.google.android.inputmethod.latin,10054,1661,true,VISIBLE,true
1433016978118,com.google.android.inputmethod.latin,10054,1661,true,PERCEPTIBLE,true
1433016978188,com.google.android.googlequicksearchbox,10019,2027,true,FOREGROUND,true
1433016979085,com.android.chrome,10031,16142,true,FOREGROUND,true
1433016981267,com.google.android.inputmethod.latin,10054,1661,true,VISIBLE,true
1433016983974,com.google.android.googlequicksearchbox,10019,2027,true,FOREGROUND,true
1433016984648,com.google.android.googlequicksearchbox,10019,2027,true,FOREGROUND,true
1433017002393,com.google.android.apps.photos,10141,8867,true,FOREGROUND,true
1433017003525,com.android.systemui,10012,1458,false,FOREGROUND,true
1433017005657,com.google.android.apps.photos,10141,8867,true,FOREGROUND,true
1433017006615,com.android.systemui,10012,1458,false,FOREGROUND,true
1433017007389,com.google.android.apps.photos,10141,8867,true,FOREGROUND,true
1433017007991,com.whatsapp,10075,15962,true,FOREGROUND,true
1433017014971,com.google.android.inputmethod.latin,10054,1661,true,VISIBLE,true
1433017021707,com.google.android.inputmethod.latin,10054,1661,true,PERCEPTIBLE,true
1433017027155,com.google.android.inputmethod.latin,10054,1661,true,VISIBLE,true
1433017033818,com.google.android.inputmethod.latin,10054,1661,true,PERCEPTIBLE,true
1433017033994,com.android.systemui,10012,1458,false,FOREGROUND,true
1433017035322,com.whatsapp,10075,15962,true,FOREGROUND,true
1433017048906,com.android.systemui,10012,1458,false,FOREGROUND,true
1433017049979,com.google.android.apps.photos,10141,8867,true,FOREGROUND,true
1433017051237,com.google.android.googlequicksearchbox,10019,2027,true,FOREGROUND,true
1433017052773,com.google.android.apps.photos,10141,8867,true,FOREGROUND,true
1433017059459,com.google.android.apps.photos,10141,8867,true,FOREGROUND,true
1433017067658,com.google.android.googlequicksearchbox,10019,2027,true,FOREGROUND,true
1433017070367,com.android.chrome,10031,16142,true,FOREGROUND,true
1433017070481,com.google.android.inputmethod.latin,10054,1661,true,VISIBLE,true
1433017072861,com.google.android.inputmethod.latin,10054,1661,true,VISIBLE,true
1433017074438,com.google.android.inputmethod.latin,10054,1661,true,VISIBLE,true
1433017089592,com.google.android.inputmethod.latin,10054,1661,true,VISIBLE,true
1433017097823,com.google.android.inputmethod.latin,10054,1661,true,VISIBLE,true
1433017102861,com.google.android.inputmethod.latin,10054,1661,true,VISIBLE,true
1433017103777,com.google.android.inputmethod.latin,10054,1661,true,VISIBLE,true
1433017104315,com.google.android.inputmethod.latin,10054,1661,true,VISIBLE,true
1433017105900,com.google.android.inputmethod.latin,10054,1661,true,VISIBLE,true
1433017121619,com.android.chrome,10031,16142,true,FOREGROUND,true
1433017123149,com.google.android.inputmethod.latin,10054,1661,true,PERCEPTIBLE,true
1433017128884,com.android.systemui,10012,1458,false,FOREGROUND,true
1433017130545,com.google.android.googlequicksearchbox,10019,2027,true,FOREGROUND,true
1433017132280,com.google.android.googlequicksearchbox,10019,2027,true,FOREGROUND,true
1433017467364,com.android.systemui,10012,1458,false,FOREGROUND,true
1433017468361,com.google.android.googlequicksearchbox,10019,2027,true,FOREGROUND,true
1433017468732,com.android.systemui,10012,1458,false,FOREGROUND,true
1433017469829,com.whatsapp,10075,15962,true,FOREGROUND,true
1433017471561,com.google.android.inputmethod.latin,10054,1661,true,VISIBLE,true
1433017477195,com.google.android.inputmethod.latin,10054,1661,true,VISIBLE,true
1433017477538,com.google.android.inputmethod.latin,10054,1661,true,VISIBLE,true
1433017507142,com.google.android.inputmethod.latin,10054,1661,true,PERCEPTIBLE,true
1433017507269,com.android.systemui,10012,1458,false,FOREGROUND,true
1433018198752,com.android.systemui,10012,1458,false,FOREGROUND,true
1433018199781,com.whatsapp,10075,15962,true,FOREGROUND,true
1433018201904,com.google.android.googlequicksearchbox,10019,2027,true,FOREGROUND,true
1433018202813,com.android.systemui,10012,1458,false,FOREGROUND,true
1433018204602,com.google.android.talk,10051,12931,true,FOREGROUND,true
1433018207360,com.google.android.googlequicksearchbox,10019,2027,true,FOREGROUND,true
1433018209556,com.android.systemui,10012,1458,false,FOREGROUND,true
1433018211741,com.whatsapp,10075,15962,true,FOREGROUND,true
1433018212549,com.google.android.inputmethod.latin,10054,1661,true,VISIBLE,true
1433018218329,com.google.android.inputmethod.latin,10054,1661,true,PERCEPTIBLE,true
1433018220723,com.google.android.inputmethod.latin,10054,1661,true,VISIBLE,true
1433018221325,com.google.android.inputmethod.latin,10054,1661,true,PERCEPTIBLE,true
1433018221401,com.google.android.googlequicksearchbox,10019,2027,true,FOREGROUND,true
1433018222709,com.google.android.googlequicksearchbox,10019,2027,true,FOREGROUND,true
1433018725735,com.android.systemui,10012,1458,false,FOREGROUND,true
1433018726874,com.google.android.googlequicksearchbox,10019,2027,true,FOREGROUND,true
1433018732115,com.android.systemui,10012,1458,false,FOREGROUND,true
1433018734002,com.google.android.googlequicksearchbox,10019,2027,true,FOREGROUND,true
1433018763567,com.google.android.googlequicksearchbox,10019,2027,true,FOREGROUND,true
1433018785639,com.google.android.inputmethod.latin,10054,1661,true,VISIBLE,true
1433018788500,com.google.android.inputmethod.latin,10054,1661,true,PERCEPTIBLE,true
1433018842729,com.android.systemui,10012,1458,false,FOREGROUND,true
1433019130538,com.android.systemui,10012,1458,false,FOREGROUND,true
1433019131850,com.android.chrome,10031,16142,true,FOREGROUND,true
1433019133281,com.google.android.googlequicksearchbox,10019,2027,true,FOREGROUND,true
1433019136602,com.google.android.GoogleCamera,10042,16423,true,FOREGROUND,true
1433019174618,com.android.systemui,10012,1458,false,FOREGROUND,true
1433019175177,com.google.android.googlequicksearchbox,10019,2027,true,FOREGROUND,true
1433019175602,com.android.systemui,10012,1458,false,FOREGROUND,true
1433019175666,com.google.android.GoogleCamera,10042,16423,true,BACKGROUND,true
1433019175710,com.google.android.googlequicksearchbox,10019,2027,true,FOREGROUND,true
1433019665067,com.google.android.googlequicksearchbox,10019,2027,true,FOREGROUND,true
1433019668356,com.android.systemui,10012,1458,false,FOREGROUND,true
1433019683099,com.google.android.googlequicksearchbox,10019,2027,true,FOREGROUND,true
1433020895626,com.android.systemui,10012,1458,false,FOREGROUND,true
1433020896784,com.google.android.googlequicksearchbox,10019,2027,true,FOREGROUND,true
1433020899085,com.android.systemui,10012,1458,false,FOREGROUND,true
1433020900960,com.google.android.googlequicksearchbox,10019,2027,true,FOREGROUND,true
1433020931291,com.google.android.googlequicksearchbox,10019,2027,true,FOREGROUND,true
1433020935891,com.google.android.googlequicksearchbox,10019,2027,true,FOREGROUND,true
1433020952717,com.android.systemui,10012,1458,false,FOREGROUND,true
1433020953848,com.google.android.googlequicksearchbox,10019,2027,true,FOREGROUND,true
1433020954811,com.whatsapp,10075,15962,true,FOREGROUND,true
1433020956277,com.google.android.inputmethod.latin,10054,1661,true,VISIBLE,true
1433020968555,com.google.android.inputmethod.latin,10054,1661,true,VISIBLE,true
1433020968773,com.google.android.inputmethod.latin,10054,1661,true,VISIBLE,true
1433020974008,com.google.android.inputmethod.latin,10054,1661,true,PERCEPTIBLE,true
1433020974229,com.whatsapp,10075,15962,true,FOREGROUND,true
1433020975212,com.google.android.googlequicksearchbox,10019,2027,true,FOREGROUND,true
1433020975996,com.android.systemui,10012,1458,false,FOREGROUND,true
1433020995787,com.google.android.googlequicksearchbox,10019,2027,true,FOREGROUND,true
1433020998204,com.android.chrome,10031,16142,true,FOREGROUND,true
1433021016337,com.android.systemui,10012,1458,false,FOREGROUND,true
1433021017191,com.android.chrome,10031,16142,true,FOREGROUND,true
1433021196315,com.android.systemui,10012,1458,false,FOREGROUND,true
1433021197302,com.android.chrome,10031,16142,true,FOREGROUND,true
1433021682687,com.android.chrome,10031,16142,true,FOREGROUND,true
1433021683444,com.android.chrome,10031,16142,true,FOREGROUND,true
1433021723357,com.android.systemui,10012,1458,false,FOREGROUND,true
1433021724593,com.android.chrome,10031,16142,true,FOREGROUND,true
1433021724726,com.android.systemui,10012,1458,false,FOREGROUND,true
1433021728891,com.android.systemui,10012,1458,false,FOREGROUND,true
1433021729711,com.whatsapp,10075,15962,true,FOREGROUND,true
1433021730390,com.android.systemui,10012,1458,false,FOREGROUND,true
1433021731411,com.android.chrome,10031,16142,true,FOREGROUND,true
1433021822454,com.google.android.googlequicksearchbox,10019,2027,true,FOREGROUND,true
1433021823295,com.google.android.googlequicksearchbox,10019,2027,true,FOREGROUND,true
